id punto de medida,angulo,ptos_gps,nombre_via,tipo
507,300,"39.4606741467,-0.37275392934","Carrer de Cadis, 66",0
512,109,"39.4597777022,-0.36934502445","Carrer del Mestre Aguilar, 26-28",0
518,126,"39.4582738564,-0.376555263399","Carrer de les Filipines, 29",0
524,300,"39.4608205615,-0.368787126222","Carrer del Pintor Salvador Abril, 48-50",0
526,120,"39.4530828454,-0.372969472039","Avinguda d'AusiÃ s March, 42",0
527,210,"39.4596198518,-0.372164838403","Carrer dels Centelles, 25-27",0
528,210,"39.4590436311,-0.373527032032","Carrer dels Centelles, 40-42",0
529,30,"39.4572612121,-0.374857259378","Avinguda de Peris i Valero, 38",0
530,30,"39.4582526719,-0.3725065504","Avinguda de Peris i Valero, 62",0
530,30,"39.4582526719,-0.3725065504","Avinguda de Peris i Valero, 62",0
531,300,"39.4603096765,-0.378512735394","Carrer de les Filipines, 606",0
532,120,"39.4598436293,-0.377740280089","Carrer de les Filipines, 13-15",0
533,120,"39.4611513049,-0.378662826389","Carrer de les Filipines, 3",0
534,30,"39.4610118607,-0.378082689349","Carrer de Buenos Aires, 39",0
535,120,"39.4604644033,-0.374397889635","Carrer de Sueca, 48",0
537,301,"39.4606215719,-0.366172825552","Carrer del General Urrutia, 2",0
601,10,"39.4552605127,-0.379701942062","Avinguda de Peris i Valero, 10",0
602,83,"39.4563355086,-0.383783681268","Carrer de Sant Vicent MÃ rtir, 211-213",0
727,231,"39.4593821504,-0.401062261929","Carrer de l'Arxiduc Carles, 82",0
728,185,"39.4639889119,-0.396551433277","Carrer de les Tres Forques, 77",0
731,95,"39.4640299156,-0.400774844236","Carrer de Santa Cruz de Tenerife, 20",0
732,5,"39.4637160799,-0.400644570752","Carrer de les Tres Forques, 20",0
738,275,"39.4643105203,-0.403530573323","Carrer de Josep Maestre, 19",0
739,5,"39.4640038147,-0.393656046422","Carrer de les Tres Forques, 45",0
740,185,"39.464163925,-0.392381991683","Carrer de les Tres Forques, 40-44",0
2762,302,"39.4888093373,-0.353577735322","PlaÃ§a Num 26 Res Urb, 136",0
2761,283,"39.4852271731,-0.352326946449","PlaÃ§a Num 26 Res Urb, 139",0
20,137,"39.4677990549,-0.383743133791","Gran VÃ­a de RamÃ³n y Cajal, 51",0
2,287,"39.5057465019,-0.424541341392","Avinguda de les Fires, 51",0
1,32,"39.5010886856,-0.428556602332","Carrer d'AlfarrasÃ­, 51",0
5502,173,"39.4361329391,-0.39717033789","Carretera d'Alba, 60",0
5501,353,"39.4361189428,-0.397389366272","Carretera d'Alba, 60",0
5504,352,"39.4357953329,-0.394686412555","Carretera d'Alba, 25",0
5503,172,"39.4358838722,-0.395100851199","Carretera d'Alba, 25",0
508,300,"39.4594719341,-0.371901398642","Carrer de Cadis, 88-90",0
801,301,"39.4657062449,-0.389262973022","Avinguda de PÃ©rez GaldÃ³s, 41",0
803,121,"39.4658337963,-0.389142871416","Avinguda de PÃ©rez GaldÃ³s, 52",0
804,349,"39.4672905676,-0.391509446264","Avinguda del Cid, 7",0
805,121,"39.4681675556,-0.391033757935","Avinguda de PÃ©rez GaldÃ³s, 75",0
806,121,"39.4683345953,-0.390927335871","Avinguda de PÃ©rez GaldÃ³s, 72",0
808,197,"39.4693581297,-0.390203029882","Carrer d'Ã€ngel GuimerÃ , 68-70",0
809,301,"39.4698461378,-0.39222324964","Avinguda de PÃ©rez GaldÃ³s, 93",0
810,349,"39.466233517,-0.3857505655","Carrer de Sant Francesc de Borja, 18",0
811,301,"39.4706352006,-0.3927282697","Avinguda de PÃ©rez GaldÃ³s, 101",0
812,121,"39.4718400593,-0.39343473052","Avinguda de PÃ©rez GaldÃ³s, 113",0
816,245,"39.4671186872,-0.392820182128","Carrer de l'Arxiduc Carles, 3",0
824,349,"39.4669081808,-0.389462563116","Carrer de Sant Josep de CalassanÃ§, 20-30",0
826,245,"39.4684786848,-0.391954901279","Carrer de Llorca, 2-4",0
827,121,"39.4728994788,-0.39419437191","Avinguda de PÃ©rez GaldÃ³s, 122",0
828,300,"39.4737576303,-0.394990316641","Avinguda de PÃ©rez GaldÃ³s, 125",0
829,59,"39.4646949508,-0.38797240144","Carrer de Conca, 72",0
830,59,"39.4657854784,-0.387075557705","Carrer de Conca, 56",0
831,228,"39.4705617485,-0.387762568744","Carrer de l'Erudit Orellana, 20",0
832,301,"39.467301406,-0.388592398577","Carrer d'Alberic, 11",0
833,30,"39.4729952114,-0.394000549456","Carrer del Mestre Guerrero, 5",0
834,32,"39.4762813218,-0.39328359098","Passeig de la Petxina, 40",0
911,101,"39.4718023283,-0.405304315395","Carrer del Nou d'Octubre, 10",0
913,185,"39.4725896403,-0.40409749439","Carrer de Castan TobeÃ±as, 77",0
1037,211,"39.4796704711,-0.388550514756","Avinguda MenÃ©ndez Pidal, 60",0
1038,120,"39.4828721521,-0.384628116966","Calle del Vall de Laguar, 12",0
1039,30,"39.4852880812,-0.384446644381","Carrer de Reus, 6",0
1040,210,"39.4856776603,-0.383722864618","Carrer de Reus, 9-11",0
1041,359,"39.4857458296,-0.382274437604","Carrer de Reus, 9-11",0
607,301,"39.4636008609,-0.387710869373","Avinguda de PÃ©rez GaldÃ³s, 13",0
609,121,"39.4584105761,-0.383853414298","Avinguda de Giorgeta, 49",0
610,141,"39.4557726736,-0.381796220256","Avinguda de Giorgeta, 64",0
611,301,"39.464665902,-0.381029513623","Gran VÃ­a de RamÃ³n y Cajal, 17",0
612,77,"39.463959643,-0.381893757341","Carrer de Sant Vicent MÃ rtir, 128-130",0
613,263,"39.4549739156,-0.38415314101","Carrer de Sant Vicent MÃ rtir, 250",0
614,80,"39.4594425661,-0.383085636845","Carrer de Sant Vicent MÃ rtir, 192-194",0
615,261,"39.4570660081,-0.383711692187","Carrer de Sant Vicent MÃ rtir, 216",0
616,301,"39.4602691668,-0.385359771791","Avinguda de Giorgeta, 22-24",0
617,301,"39.4620425004,-0.386604669928","Avinguda de Giorgeta, 4-6",0
618,81,"39.4609824895,-0.382680819327","Carrer de Sant Vicent MÃ rtir, 172-174",0
619,158,"39.4637546411,-0.383967364413","Carrer de MarvÃ , 25",0
620,238,"39.4613860423,-0.387572616084","Carrer de JesÃºs, 98-100",0
802,121,"39.465463486,-0.388878100341","Avinguda de PÃ©rez GaldÃ³s, 46",0
111,356,"39.4691448232,-0.375518917495","Carrer de Roger de LlÃ²ria, 4",0
403,30,"39.4640986914,-0.365419872864","Carrer de la Reina Na Germana, 13",0
404,166,"39.4632239085,-0.36517379439","Avinguda del Regne de ValÃ¨ncia, 57-59",0
405,300,"39.4638393371,-0.365545440427","Carrer de JoaquÃ­n Costa, 54",0
406,120,"39.4646341149,-0.364662340551","Carrer de Ciscar, 46",0
407,210,"39.4626320433,-0.365037252893","Carrer de Matias PerellÃ³, 58-60",0
408,346,"39.4628651188,-0.364216090824","Avinguda del Regne de ValÃ¨ncia, 74",0
409,210,"39.4636018289,-0.362747941874","Carrer del Mestre Racional, 9-11",0
409,210,"39.4636018289,-0.362747941874","Carrer del Mestre Racional, 9-11",0
410,297,"39.4652252074,-0.362074139497","Avenida Jacinto Benavente, 26",0
410,297,"39.4652252074,-0.362074139497","Avenida Jacinto Benavente, 26",0
411,289,"39.4639230476,-0.3613355026","Avenida Jacinto Benavente, 28",0
411,289,"39.4639230476,-0.3613355026","Avenida Jacinto Benavente, 28",0
412,109,"39.4634903288,-0.360918530009","Avenida Jacinto Benavente, 28",0
413,118,"39.4669816324,-0.362778325796","Avenida Jacinto Benavente, 12",0
413,118,"39.4669816324,-0.362778325796","Avenida Jacinto Benavente, 12",0
110,265,"39.4690913925,-0.376932254259","Avinguda del MarquÃ©s de Sotelo, 2",0
202,223,"39.4678234015,-0.373846316834","Carrer de ColÃ³n, 7",0
203,224,"39.4683189112,-0.373124398586","Carrer de ColÃ³n, 26",0
204,224,"39.4696996044,-0.371152190268","Carrer de ColÃ³n, 50-52",0
205,231,"39.4711462525,-0.369458963217","Carrer de ColÃ³n, 80",0
206,181,"39.4702433956,-0.366802327626","Carrer de SornÃ­, 30-32",0
207,329,"39.4712605269,-0.36676591309","Avinguda de Navarro Reverter, 13",0
209,303,"39.4743032801,-0.368209939153","Passeig de la Ciutadella, 2-4",0
210,306,"39.4724391975,-0.366707361933","Passeig de la Ciutadella, 14",0
211,35,"39.4707905217,-0.364905958968","Pont de les Flors, 14",0
212,303,"39.4732881498,-0.369283661426","Carrer del General Palanca, 6",0
213,68,"39.4714292445,-0.370405887286","PlaÃ§a d'Alfons el MagnÃ nim, 6",0
214,324,"39.4782143685,-0.373048914171","Carrer del Pintor LÃ³pez, 5",0
4208,322,"39.4925163404,-0.367899079724","Carrer del Duc de Mandas, 28",0
4206,138,"39.4921458483,-0.367173090055","Carrer del Duc de Mandas, 43",0
215,120,"39.4704062518,-0.368685353882","Carrer del Comte de Salvatierra, 6-8",0
217,167,"39.4735870524,-0.374501198306","Carrer de la Pau, 5",0
218,167,"39.4728654412,-0.370921015575","Carrer de la Pau, 35-37",0
220,272,"39.4751560713,-0.369772186835","PlaÃ§a de TetuÃ¡n, 17",0
222,53,"39.4758588329,-0.369270139535","Pont del Real, 17",0
223,60,"39.4785713226,-0.373027352122","Pont de la Trinitat, 17",0
3318,350,"39.4630315147,-0.332592416369","Carrer de Francesc Cubells, 40",0
733,275,"39.4635590064,-0.400965011899","Carrer de Fra JunÃ­per Serra, 73",0
734,185,"39.4638020765,-0.401053755338","Carrer de les Tres Forques, 96",0
735,5,"39.4636132324,-0.403139711975","Carrer de les Tres Forques, 123",0
737,5,"39.4635537772,-0.404607421522","Carrer de les Tres Forques, 135",0
109,86,"39.4677532184,-0.376977452887","Avinguda del MarquÃ©s de Sotelo, 13",0
730,275,"39.4636497931,-0.39949487788","Carrer de la Mare de DÃ©u de la Cabeza, 62-64",0
108,61,"39.4669084486,-0.380790147386","Carrer de Sant Vicent MÃ rtir, 87-89",0
713,60,"39.4662667546,-0.392159102113","Carrer de Xiva, 27",0
714,299,"39.4652591462,-0.394439717457","Carrer d'Enguera, 1",0
716,109,"39.4643975372,-0.393975449882","Carrer d'Enguera, 35",0
717,232,"39.4636052889,-0.396471816279","Carrer de l'Arxiduc Carles, 28",0
717,232,"39.4636052889,-0.396471816279","Carrer de l'Arxiduc Carles, 28",0
718,180,"39.4630861906,-0.397151513523","Carrer JosÃ© MarÃ­a Mortes Lerma, 2",0
719,232,"39.4625889454,-0.397571780815","Carrer de l'Arxiduc Carles, 42-44",0
106,238,"39.4685824641,-0.38135536659","Carrer de JesÃºs, 1",0
705,132,"39.4618278963,-0.39620142842","Carrer de Fontanars dels Alforins, 64",0
706,312,"39.4624991129,-0.397034104923","Carrer de Fontanars dels Alforins, 69",0
708,95,"39.4630432007,-0.40067035113","Carrer de Fra JunÃ­per Serra, 74-78",0
709,275,"39.4646740189,-0.400944359489","Carrer de Santa Cruz de Tenerife, 18",0
710,185,"39.4638591841,-0.39985437085","Carrer de les Tres Forques, 90",0
711,5,"39.4637838324,-0.399338934291","Carrer de les Tres Forques, 93",0
712,154,"39.4663150114,-0.392363302193","Carrer de Xiva, 31",0
1321,161,"39.4862905427,-0.367180328012","Carrer de Cofrentes, 13",0
1322,252,"39.4864997961,-0.366821624863","Carrer de Genaro Lahuerta Pintor, 47",0
1323,70,"39.4852619476,-0.368881753437","Carrer dÂ´Alboraia, 51-57",0
1324,318,"39.4859600216,-0.364281119129","Carrer de BenicarlÃ³, 31",0
1325,251,"39.4848234396,-0.363712815015","Carrer de Cavanilles, 9",0
1326,318,"39.4871969981,-0.367449623976","Avinguda del Primat Reig, 50",0
1327,318,"39.4898428223,-0.371002652888","Avinguda del Primat Reig, 18",0
1328,138,"39.4886804098,-0.369217366969","Avinguda del Primat Reig, 59",0
105,153,"39.4682958513,-0.380102394389","Carrer de Guillem de Castro, 2",0
133,165,"39.4674042168,-0.376385171827","Carrer de XÃ tiva, 17",0
134,180,"39.4722658035,-0.376856781772","Carrer de Sant Vicent MÃ rtir, 16",0
135,122,"39.4721968093,-0.376931999691","PlaÃ§a de l'Ajuntament, 22",0
701,185,"39.46408788,-0.394362911344","Carrer de les Tres Forques, 58",0
702,60,"39.4651648025,-0.393059682351","Carrer d'Aiora, 21-23",0
703,232,"39.4651066258,-0.39478727631","Carrer de l'Arxiduc Carles, 41",0
704,52,"39.4629410287,-0.397044002696","Carrer de l'Arxiduc Carles, 73",0
1117,65,"39.4827426841,-0.372224473917","Carrer d'Almassora, 73",0
1119,65,"39.4840963647,-0.371356355987","Carrer d'Almassora, 40-44",0
1120,160,"39.4846752828,-0.370321785267","Carrer de Jaca, 4",0
1121,357,"39.4850668399,-0.370372737242","Carrer de Molinell, 4",0
1122,177,"39.4851334806,-0.369805253335","Carrer de Molinell, 3-5",0
1123,65,"39.4853853661,-0.370535295813","Carrer d'Almassora, 54",0
1124,178,"39.4852446134,-0.371640691532","Carrer de l'Argenter SuÃ¡rez, 8",0
1125,245,"39.4849478397,-0.371398648042","Carrer d'Almassora, 46",0
1126,246,"39.4825280247,-0.372867203831","Carrer d'Almassora, 46",0
1127,237,"39.4815650551,-0.373822764781","Carrer de Santa Rita, 11",0
1128,155,"39.4866066108,-0.37176961073","Carrer de Fra Pere Vives, 37",0
1148,73,"39.4869332216,-0.371393557864","Carrer del Ministre Luis Mayans, 33",0
1147,75,"39.4866090992,-0.371504452386","Carrer del Ministre Luis Mayans, 31",0
1118,342,"39.4834758284,-0.371448219912","Carrer del Convent dels Carmelites, 2",0
126,334,"39.4700587356,-0.379308343833","Carrer de Padilla, 3-5",0
127,62,"39.4689435263,-0.379273959856","Carrer de Sant Vicent MÃ rtir, 84",0
128,237,"39.4691754141,-0.380829256977","Carrer de Quevedo, 20",0
129,274,"39.4719280082,-0.379728653043","Avinguda del BarÃ³ de CÃ rcer, 28-30",0
130,273,"39.4695518752,-0.379620441714","Avinguda del BarÃ³ de CÃ rcer, 47",0
131,137,"39.4689603075,-0.381644664603","Carrer de Guillem de Castro, 31",0
132,137,"39.4690542832,-0.381635281879","Carrer de Guillem de Castro, 8-14",0
305,210,"39.4660612051,-0.371418236054","Gran Via del MarquÃ©s del TÃºria, 27",0
306,345,"39.4647695491,-0.373013818867","Avinguda del Regne de ValÃ¨ncia, 6",0
307,129,"39.4637777881,-0.372683040398","Carrer de Russafa, 52-54",0
308,166,"39.464696518,-0.371991508925","Avinguda del Regne de ValÃ¨ncia, 7",0
309,300,"39.4652868434,-0.371947950708","Carrer de Gregori Mayans, 4-6",0
310,30,"39.465582415,-0.371806616953","Gran Via del MarquÃ©s del TÃºria, 12",0
311,300,"39.4673647457,-0.370781223679","Carrer d'HernÃ¡n CortÃ©s, 27-29",0
312,210,"39.4668973778,-0.369446783527","Gran Via del MarquÃ©s del TÃºria, 43",0
313,30,"39.4668635396,-0.368777791898","Gran Via del MarquÃ©s del TÃºria, 46",0
103,163,"39.467815436,-0.378158083556","Carrer de Pelai, 3",0
112,272,"39.4689358097,-0.373877104921","Carrer de Pascual i GenÃ­s, 17-19",0
114,180,"39.4697655511,-0.373017136023","Carrer de Sagasta, 09",0
115,271,"39.4702855564,-0.373891235182","Pascual Y GenÃ­s, 1",0
116,277,"39.471705817,-0.374281829327","Carrer del Poeta Querol, 9",0
119,4,"39.4703906279,-0.375459714386","Carrer de les Barques, 2",0
122,156,"39.4703123244,-0.377170385601","Carrer de la Sang, 9-11",0
123,341,"39.4696648979,-0.378209194551","Carrer del Periodista Azzati, 9",0
124,61,"39.4698841776,-0.378548079667","Calle de San Vicente MÃ¡rtir, 66",0
125,151,"39.4707035737,-0.378269368715","Carrer de les Garrigues, 1",0
301,210,"39.4656302643,-0.365513559678","Carrer de Borriana, 32",0
302,113,"39.4655991391,-0.374167697695","Carrer de Russafa, 25",0
303,300,"39.466405702,-0.372701078338","Carrer de FÃ©lix Pizcueta, 14-16",0
304,210,"39.4656244346,-0.372462505299","Gran Via del MarquÃ©s del TÃºria, 17",0
331,4,"39.46893867,-0.363753355822","Pont d'AragÃ³, 17",0
538,77,"39.4565816562,-0.373962267284","Avinguda del Doctor Waksman, 10",0
2022,341,"39.4705608218,-0.348800303135","Carrer del Poeta Mas i Ros, 32-34",0
2023,74,"39.4701515561,-0.349277061447","Carrer del Doctor Manuel Candela, 52",0
2024,341,"39.4698106302,-0.348892478071","Carrer dels Sants Just i Pastor, 58",0
2025,162,"39.4702392792,-0.349921512995","Carrer dels Sants Just i Pastor, 27",0
2026,254,"39.4697614751,-0.349652613929","Carrer del Doctor Manuel Candela, 37",0
2027,254,"39.4688953272,-0.350006144926","Carrer del Doctor Manuel Candela, 31-33",0
2028,74,"39.4691740306,-0.349667965545","Carrer del Doctor Manuel Candela, 42",0
2029,341,"39.4746230717,-0.350339315423","Avinguda de Blasco IbÃ¡Ã±ez, 92",0
2030,161,"39.4747404388,-0.350203053874","Avinguda de Blasco IbÃ¡Ã±ez, 75",0
2031,161,"39.4709667051,-0.35239149794","Carrer de la RepÃºblica Argentina, 2",0
2032,161,"39.4742500803,-0.34848647847","Avinguda de Blasco IbÃ¡Ã±ez, 77",0
2033,340,"39.4734709453,-0.34717976742","Avinguda de Blasco IbÃ¡Ã±ez, 118",0
2034,204,"39.4734104395,-0.348498020869","Carrer de Yecla, 43",0
2035,24,"39.47311815,-0.349011321133","Carrer de Yecla, 24",0
2036,161,"39.4693793886,-0.347011025161","Carrer dels Sants Just i Pastor, 57-59",0
2037,341,"39.4705051619,-0.351195366172","Carrer dels Sants Just i Pastor, 32-34",0
2038,74,"39.476615156,-0.346585691507","Carrer de Ramon Llull, 27",0
2039,251,"39.4795134863,-0.345547138062","Carrer de Ramon Llull, 27",0
2040,254,"39.4780485285,-0.346246017923","Carrer de Ramon Llull, 43",0
4318,174,"39.4449178326,-0.379305666906","Carretera Malilla, 117",0
4317,354,"39.4449122751,-0.379588605606","Carretera Malilla, 107",0
4310,174,"39.4456672079,-0.380548680313","Avinguda de Fernando Abril Martorell, 107",0
2041,71,"39.4782490055,-0.345908996879","Carrer de Ramon Llull, 45",0
2042,254,"39.4772091751,-0.346592412743","Carrer de Ramon Llull, 31",0
2043,74,"39.4773860376,-0.346277718878","Carrer de Ramon Llull, 37",0
2044,341,"39.4792948672,-0.34385960452","Avinguda dels Tarongers, 6",0
2045,161,"39.4800400597,-0.345526387448","Avinguda dels Tarongers, 4",0
2046,161,"39.4809770659,-0.348801521718","Avinguda dels Tarongers, 4",0
4112,165,"39.4466008094,-0.384290026978","Camino Rambleta, 1-2",0
4111,345,"39.4459236517,-0.386104903172","Carrer de Sant Vicent MÃ rtir, 343",0
2050,359,"39.4748866867,-0.350336584666","Avinguda de Blasco IbÃ¡Ã±ez, 59",0
2101,167,"39.4662087402,-0.355583578708","Carrer de les Illes CanÃ ries, 38",0
2107,254,"39.4637273614,-0.352092681266","Carrer del Pare TomÃ s de MontaÃ±ana, 22",0
2230,120,"39.4570812096,-0.363457762819","Carrer del General Urrutia, 43-45",0
2232,300,"39.4488503717,-0.37020176607","Avinguda d'AusiÃ s March, 82",0
2233,120,"39.4483673597,-0.369496930794","Avinguda d'AusiÃ s March, 79",0
2233,120,"39.4483673597,-0.369496930794","Avinguda d'AusiÃ s March, 79",0
2234,211,"39.4525381491,-0.365575090656","Avinguda dels Germans Maristes, 17-19",0
2234,211,"39.4525381491,-0.365575090656","Avinguda dels Germans Maristes, 17-19",0
2236,300,"39.4518233999,-0.372302963592","Avinguda d'AusiÃ s March, 54",0
2237,120,"39.4519788238,-0.372197937169","Avinguda d'AusiÃ s March, 43",0
2238,30,"39.4527559526,-0.372362172197","Avinguda de la Plata, 11",0
2239,210,"39.4532216069,-0.371679179668","Avinguda de la Plata, 9",0
2240,30,"39.4532175027,-0.371249942041","Avinguda de la Plata, 6-8",0
2241,210,"39.4536242007,-0.370714868131","Avinguda de la Plata, 13",0
2242,30,"39.4535988617,-0.370320383106","Avinguda de la Plata, 12",0
2243,210,"39.4543712075,-0.368905819624","Avinguda de la Plata, 33",0
2244,30,"39.4542034062,-0.368863891127","Avinguda de la Plata, 12",0
2245,210,"39.4549187833,-0.36755764936","Avinguda de la Plata, 54",0
2246,30,"39.4551881294,-0.366541662561","Avinguda de la Plata, 22",0
2251,167,"39.4558903805,-0.37062867731","Avinguda del Doctor Waksman, 39",0
2252,347,"39.4555061514,-0.369630816839","Avinguda del Doctor Waksman, 50",0
2257,124,"39.4569152638,-0.356104976088","Avinguda del Professor LÃ³pez PiÃ±ero, 50",0
2258,305,"39.4574118126,-0.357182051202","Avinguda del Professor LÃ³pez PiÃ±ero, 50",0
2259,300,"39.4578816215,-0.364264747982","Carrer del General Urrutia, 31",0
2259,300,"39.4578816215,-0.364264747982","Carrer del General Urrutia, 31",0
2307,300,"39.451276142,-0.375088567016","Carrer de l'Enginyer Joaquin Benlloch, 36",0
2308,120,"39.4515551229,-0.375191695776","Carrer de l'Enginyer Joaquin Benlloch, 45",0
2309,300,"39.4523826632,-0.375842755723","Carrer de l'Enginyer Joaquin Benlloch, 28",0
2310,30,"39.4525409207,-0.37567955063","Carrer d'OltÃ , 54",0
2311,120,"39.4529914915,-0.376225975598","Carrer de l'Enginyer Joaquin Benlloch, 35",0
2318,10,"39.4541318229,-0.378111197003","Carrer de la Pianista Empar Iturbi, 62",0
2504,121,"39.4728361053,-0.386610257743","Gran Via de Ferran el CatÃ²lic, 44",0
2505,121,"39.4761241651,-0.388954278469","Gran Via de Ferran el CatÃ²lic, 78",0
2506,121,"39.4775939282,-0.390102981175","Pont de les GlÃ²ries Valencianes, 4g",0
2509,301,"39.4764512989,-0.389574482039","Gran Via de Ferran el CatÃ²lic, 79-81",0
2510,301,"39.473216392,-0.387278043095","Gran Via de Ferran el CatÃ²lic, 35-37",0
2511,301,"39.4715417233,-0.386108522682","Gran Via de Ferran el CatÃ²lic, 27",0
2512,238,"39.4666489956,-0.38303917159","Carrer de JesÃºs, 34",0
2513,349,"39.4657658547,-0.383216092303","Calle Pintor Benedito, 9-11",0
2515,65,"39.4697179563,-0.383845885868","Carrer de Conca, 5-7",0
2516,183,"39.470361279,-0.383812838563","Carrer de Guillem de Castro, 57",0
2516,183,"39.470361279,-0.383812838563","Carrer de Guillem de Castro, 57",0
2517,94,"39.4716417837,-0.383960591168","Carrer de Guillem de Castro, 44",0
2518,30,"39.4717350542,-0.387886322709","Carrer de Calixt III, 15",0
2519,97,"39.4741082381,-0.383958448868","Carrer de Guillem de Castro, 68-74",0
2533,301,"39.4666925156,-0.382610668047","Gran VÃ­a de RamÃ³n y Cajal, 33",0
2625,271,"39.4991077902,-0.400039609898","Avinguda de Burjassot, 250",0
2625,271,"39.4991077902,-0.400039609898","Avinguda de Burjassot, 250",0
2626,104,"39.4989701036,-0.39998382259","Avinguda de Burjassot, 250",0
2701,341,"39.4846418636,-0.361908921496","Carrer del Doctor Vicent Zaragoza, 22",0
2703,71,"39.4827873054,-0.36331057644","Carrer de Jaume Roig, 24-26",0
2704,138,"39.4826926772,-0.361149278587","Avinguda del Primat Reig, 149",0
2706,71,"39.4850050986,-0.362214561694","Carrer d'Emili BarÃ³, 14",0
2707,71,"39.4869675643,-0.361244753284","Carrer d'Emili BarÃ³, 44-46",0
2719,221,"39.4834016678,-0.348824712533","Avinguda de Catalunya, 44-46",0
2720,161,"39.4849793763,-0.362692310738","Carrer del Doctor Vicent Zaragoza, 17",0
2721,267,"39.484200241,-0.360894695731","Carrer de Cuenca Tramoyeres, 16",0
2722,341,"39.4842936595,-0.360738713903","Carrer del Doctor Vicent Zaragoza, 34-38",0
101,34,"39.4705640106,-0.373859802954","Carrer del Pintor Sorolla, 1",0
113,2,"39.4691538623,-0.373639680474","Carrer de Roger de LlÃ²ria, 19",0
327,117,"39.4693331504,-0.36430797545","PlaÃ§a d'America, 1",0
1224,247,"39.4937100375,-0.373072126617","Avinguda de la ConstituciÃ³, 163-165",0
2522,194,"39.4755912098,-0.384935327986","Carrer de Quart, 65",0
2524,76,"39.4784558867,-0.383666007656","Carrer de Guillem de Castro, 169",0
2525,35,"39.4796696505,-0.384361900146","Paseo de la Pechina, 2",0
2526,25,"39.480671147,-0.382472203682","Carrer de Guillem de Castro, 138",0
2527,97,"39.4815149272,-0.380241450251","Pont de Sant Josep, 138",0
2528,349,"39.4811545018,-0.380005619656","PlaÃ§a del Portal Nou, 6",0
3813,211,"39.4923740149,-0.401437250447","Carrer de la Canal de NavarrÃ©s, 6",0
3814,31,"39.4927689868,-0.400483474841","Carrer de l'Horta Sud, 312",0
328,30,"39.4633001769,-0.377505633467","Gran VÃ­a de RamÃ³n y Cajal, 312",0
332,210,"39.4633375428,-0.377604925523","Gran VÃ­a de RamÃ³n y Cajal, 312",0
429,346,"39.4622999823,-0.361620909418","Avinguda del Regne de ValÃ¨ncia, 94",0
429,346,"39.4622999823,-0.361620909418","Avinguda del Regne de ValÃ¨ncia, 94",0
430,166,"39.4618520296,-0.359007148497","Pont del Regne, 13",0
431,346,"39.4617902685,-0.359241191889","Pont del Regne, 13",0
434,31,"39.4628352915,-0.361636305098","Avinguda de Peris i Valero, 194",0
434,31,"39.4628352915,-0.361636305098","Avinguda de Peris i Valero, 194",0
502,120,"39.4556492715,-0.374730305641","Plaza Manuel Sanchis Guarner, 11",0
503,167,"39.4563319526,-0.372827906918","Avinguda del Doctor Waksman, 23D",0
901,187,"39.4683046304,-0.395200701449","Carrer de Totana, 20",0
902,349,"39.468790773,-0.399975957276","Avinguda del Cid, 76",0
903,169,"39.4691235916,-0.401773121708","Carrer de Josep Maestre, 76",0
904,349,"39.4695967757,-0.404835889525","Avinguda del Cid, 15",0
905,7,"39.4696525428,-0.411819367012","Avinguda del Cid, 152",0
906,187,"39.4695743552,-0.413601061441","Avinguda del Cid, 156",0
907,7,"39.4694192505,-0.413894985618","Avinguda del Cid, 1870",0
908,6,"39.4693922166,-0.416040786566","Avinguda del Cid, 105",0
909,187,"39.4696558233,-0.413607586019","Avinguda del Cid, 156",0
910,281,"39.4723944043,-0.4055862478","Carrer del Nou d'Octubre, 4-65",0
912,359,"39.4726164883,-0.406622643066","Passeig de la Petxina, 85-95",0
914,16,"39.4744702824,-0.397958721652","Passeig de la Petxina, 50-51",0
915,101,"39.4734356507,-0.405504573194","Pont del Nou d'Octubre, 72",0
919,169,"39.4693862357,-0.402924215409","Avinguda del Cid, 104",0
921,349,"39.4685096554,-0.399066219509","Avinguda del Cid, 70",0
922,195,"39.4729402798,-0.406924843199","Passeig de la Petxina, 79",0
923,349,"39.4679078575,-0.395076632506","Avinguda del Cid, 34",0
924,197,"39.4686559795,-0.393448692703","Carrer de Linares, 13",0
925,16,"39.4745290719,-0.397977941787","Passeig de la Petxina, 50-51",0
928,169,"39.4688936799,-0.399945716758","Avinguda del Cid, 76",0
929,198,"39.4737400358,-0.399050486069","Carrer de Castan TobeÃ±as, 34-36",0
930,4,"39.4696866097,-0.409056606048","Avinguda del Cid, 136",0
4505,331,"39.4507481405,-0.340729606286","Carrer de Les Barraques del Figuero, 136",0
4506,89,"39.4515873589,-0.34106614838","CamÃ¬ de les Moreres, 136",0
4507,166,"39.4497033207,-0.336159913719","Carrer de Les Barraques del Figuero, 136",0
4508,264,"39.451112877,-0.335285117021","Carrer Josep Soler Carnicer, 25",0
4509,84,"39.4502543581,-0.335310579805","Camino Canal, 3D",0
4510,332,"39.4507999221,-0.340952821421","Carrer dels Llauradors, 13",0
1110,357,"39.4827763264,-0.377946297722","Carrer del Pla de la SaÃ¯dia, 3",0
1111,327,"39.4823206175,-0.376513426538","Carrer del Guadalaviar, 8-10",0
1112,66,"39.4811687584,-0.373175470242","Carrer de Santa AmÃ lia, 2",0
1114,65,"39.4817923935,-0.372828088682","Carrer d'Almassora, 2",0
1115,347,"39.4824458616,-0.372255089675","Carrer del Pintor Vilar, 2",0
1116,167,"39.4824496913,-0.372036038098","Carrer del Pintor Vilar, 1",0
1145,344,"39.4866808121,-0.369181424868","Carrer de Cofrentes, 6",0
1146,120,"39.4860176311,-0.371059763456","Carrer de Fra Pere Vives, 190",0
1149,257,"39.4872154599,-0.372589438303","Carrer de Bilbao, 22",0
1150,107,"39.486764964,-0.374958542766","Carrer de Sagunt, 103-105",0
1101,357,"39.4828997879,-0.38007135348","Carrer del Pla de la SaÃ¯dia, 16",0
1102,177,"39.4829560441,-0.379419977244","Carrer del Pla de la SaÃ¯dia, 13",0
1104,177,"39.4828438636,-0.377561384469","Carrer del Pla de la SaÃ¯dia, 4",0
1105,265,"39.4848289241,-0.37869579705","Avinguda de la ConstituciÃ³, 21-23",0
1106,356,"39.482843272,-0.37684587848","Carrer del Poeta Monmeneu, 13",0
1107,147,"39.4819039358,-0.375507745236","Carrer del Guadalaviar, 2",0
1108,93,"39.4821599349,-0.374953617302","Carrer de Sagunt, 6",0
1129,189,"39.4867674684,-0.372995705041","Carrer de Fra Pere Vives, 13-25",0
1130,189,"39.4865645754,-0.375217474631","Carrer de l'Actor Mora, 4",0
1131,189,"39.4864250216,-0.376494448727","Carrer de l'Actor Mora, 16",0
1134,7,"39.4861954658,-0.377850498085","Carrer de l'Actor Mora, 31",0
1136,9,"39.4863823348,-0.375903040332","Carrer de l'Actor Mora, 11",0
1138,9,"39.4864987658,-0.374578629458","Carrer de Fra Pere Vives, 4-8",0
1141,0,"39.4866831095,-0.372581688143","Carrer de Fra Pere Vives, 20",0
1142,73,"39.485542398,-0.372005120443","Carrer del Ministre Luis Mayans, 15",0
1144,311,"39.4862082943,-0.371350520806","Carrer de Fra Pere Vives, 32-34",0
1151,67,"39.48671212,-0.376094966637","Carrer de la Pobla del Duc, 2-4",0
1423,71,"39.4795279803,-0.361191738752","Carrer del Doctor GÃ³mez Ferrer, 3",0
1424,251,"39.4749904543,-0.356629056003","Avinguda d'AragÃ³, 35",0
1425,71,"39.4732845799,-0.356815523902","Avinguda d'AragÃ³, 36",0
1427,71,"39.4788128622,-0.357247296576","Calle Gasco Oliag, 25",0
1428,71,"39.475681614,-0.358707401262","Carrer de les Arts GrÃ fiques, 27",0
1429,251,"39.4765697742,-0.358425002837","Avinguda de SuÃ¨cia, 29",0
1430,341,"39.4759353069,-0.359772866617","Carrer de les Arts GrÃ fiques, 34",0
1432,304,"39.4745534371,-0.365644337429","Paseo de la Alameda, 4",0
1433,236,"39.4798261918,-0.354131973365","Carrer de la GuÃ rdia Civil, 30",0
1434,71,"39.4781210373,-0.366899550349","Carrer del General Elio, 2",0
1435,34,"39.4734765667,-0.365192659486","Pont de l'ExposiciÃ³, 7083",0
1436,341,"39.4758386609,-0.354514085306","Carrer de BÃ¨lgica, 32",0
1442,71,"39.4797170438,-0.366399593152","Carrer de Cavanilles, 1",0
1443,332,"39.4767816693,-0.356036776687","Avinguda de Blasco IbÃ¡Ã±ez, 6118",0
1501,304,"39.4706099265,-0.36242221598","Paseo de la Alameda, 27",0
1502,124,"39.4698973287,-0.36123632533","Passeig de l'Albereda, 29",0
1503,124,"39.4698978517,-0.361642250822","Paseo de la Alameda, 29",0
1504,183,"39.4689539903,-0.361979834247","Pont d'AragÃ³, 29",0
1505,43,"39.4691196888,-0.359404691898","Avinguda d'AragÃ³, 8",0
1508,251,"39.4688469047,-0.355701944551","Avinguda del Cardenal Benlloch, 33",0
1509,71,"39.469438071,-0.355273284673","Avinguda del Cardenal Benlloch, 46",0
1510,251,"39.4725930903,-0.353858755405","Avinguda del Cardenal Benlloch, 77",0
4421,341,"39.4965128936,-0.364961039988","Avinguda dels Germans Machado, 55",0
1151,67,"39.48671212,-0.376094966637","Carrer de la Pobla del Duc, 2-4",0
1151,67,"39.48671212,-0.376094966637","Carrer de la Pobla del Duc, 2-4",0
1152,245,"39.4843202343,-0.371805675001","Carrer d'Almassora, 37",0
1153,90,"39.4854948711,-0.378090048483","Carrer de Ruaya, 37",0
1154,90,"39.4855392477,-0.377168300615","Carrer de Ruaya, 42",0
1155,355,"39.4853955996,-0.376667715699","Carrer de Ruaya, 27",0
1156,186,"39.48533705,-0.374711887025","Carrer de Ruaya, 12",0
1157,177,"39.4857316153,-0.38022065299","Carrer de Reus, 29",0
1158,349,"39.4853368335,-0.373016972349","Carrer de l'Argenter SuÃ¡rez, 11",0
1160,68,"39.4826505268,-0.372175187995","Carrer d'Almassora, 11",0
1201,18,"39.4905621347,-0.380445319766","Avinguda del Doctor Peset Aleixandre, 81",0
1202,296,"39.4919892621,-0.379119877336","CamÃ­ de Montcada, 61-63",0
1203,75,"39.4895140069,-0.374807711909","Carrer de Sagunt, 178",0
1204,198,"39.4913466322,-0.377470973394","Avinguda del Doctor Peset Aleixandre, 44",0
1208,243,"39.4899562351,-0.375474348979","Avinguda de la ConstituciÃ³, 130",0
1209,198,"39.4917680559,-0.375608130938","Avinguda del Doctor Peset Aleixandre, 22",0
1210,18,"39.4895643452,-0.385116687283","Avinguda del Doctor Peset Aleixandre, 121",0
1211,198,"39.4898666771,-0.38406272894","Avinguda del Doctor Peset Aleixandre, 104",0
1214,138,"39.4914041811,-0.372880870616","Avinguda del Primat Reig, 11-13",0
1807,341,"39.4702708606,-0.336346481776","Avinguda de Blasco IbÃ¡Ã±ez, 192",0
1808,342,"39.4677520809,-0.341622001592","Carrer dels Sants Just i Pastor, 120",0
1809,162,"39.46795285,-0.341945739551","Carrer dels Sants Just i Pastor, 111",0
1810,161,"39.470913047,-0.336438770032","Avinguda de Blasco IbÃ¡Ã±ez, 173",0
1811,161,"39.4666903249,-0.337622518329","Carrer dels Sants Just i Pastor, 146",0
1812,341,"39.4670545573,-0.339212009246","Carrer dels Sants Just i Pastor, 136",0
1813,162,"39.4673742157,-0.339908566599","Carrer dels Sants Just i Pastor, 141",0
1814,71,"39.4680476821,-0.338899635251","Carrer de JosÃ© MarÃ­a Haro, 6",0
1815,250,"39.4684744919,-0.33882931894","Carrer de JosÃ© MarÃ­a Haro, 11",0
1902,244,"39.4592936609,-0.388443622846","Avinguda de Gaspar Aguilar, 7",0
1903,244,"39.4524380611,-0.393084318717","Avinguda de Gaspar Aguilar, 99",0
1904,64,"39.4513799044,-0.393692668258","Avinguda de Gaspar Aguilar, 109-111",0
1908,263,"39.4498700343,-0.385207665429","Carrer de Sant Vicent MÃ rtir, 318",0
1909,82,"39.4515391331,-0.384790270744","Calle FernÃ¡ndez Mesa, 2",0
1910,82,"39.4539890975,-0.384304044961","Carrer de Sant Vicent MÃ rtir, 259",0
1911,64,"39.4551584931,-0.391134522802","Avinguda de Gaspar Aguilar, 63",0
1912,244,"39.4553560357,-0.3911159185","Avinguda de Gaspar Aguilar, 54",0
1913,199,"39.4566623554,-0.388260514257","Carrer de Jaime BeltrÃ¡n, 20",0
1914,19,"39.4566259282,-0.38809154481","Carrer de Jaime BeltrÃ¡n, 11",0
1920,240,"39.459794527,-0.385965263467","Carrer de l'Uruguai, 1-9",0
2007,254,"39.4748625026,-0.347569397675","Carrer de Ramon Llull, 3",0
2008,74,"39.4744655375,-0.347502544968","Carrer de Ramon Llull, 1",0
1215,318,"39.491524353,-0.373333319713","Avinguda del Primat Reig, 2",0
1216,18,"39.491418579,-0.376475814225","Avinguda del Doctor Peset Aleixandre, 39",0
1217,18,"39.4914878878,-0.376082227306","Avinguda del Doctor Peset Aleixandre, 33",0
1218,138,"39.4909761463,-0.372372444065","Avinguda del Primat Reig, 19",0
1220,198,"39.4909920938,-0.379095289837","Avinguda del Doctor Peset Aleixandre, 58A",0
1221,18,"39.4904309774,-0.381341846463","Avinguda del Doctor Peset Aleixandre, 78-80",0
1222,243,"39.4879846505,-0.376873242918","Avinguda de la ConstituciÃ³, 86",0
1301,252,"39.4858751368,-0.367113412487","Carrer de Genaro Lahuerta Pintor, 18-20",0
1302,342,"39.4863860317,-0.367942059519","Carrer de Cofrentes, 10",0
1303,250,"39.4861747752,-0.363056687476","Carrer de Dolores MarquÃ©s, 6-8",0
1304,69,"39.4831682178,-0.370012249516","Carrer dÂ´Alboraia, 44",0
1305,138,"39.4868534645,-0.366764085568","Avinguda del Primat Reig, 81-85",0
1306,250,"39.4868061336,-0.362738229237","Carrer de Dolores MarquÃ©s, 20",0
1307,318,"39.4852955535,-0.364916662732","Avinguda del Primat Reig, 60-62",0
1308,71,"39.4823230121,-0.370413387732","Carrer dÂ´Alboraia, 32-34",0
1310,251,"39.4899237202,-0.371284935058","Carrer de Bilbao, 50-52",0
1311,68,"39.4808345284,-0.371143216094","Carrer dÂ´Alboraia, 14-18",0
1312,70,"39.4866672311,-0.368173926116","Carrer dÂ´Alboraia, 69",0
1313,165,"39.4866370242,-0.368532697567","Carrer de Cofrentes, 5",0
2113,254,"39.4650738531,-0.351559178221","Carrer del Pare TomÃ s de MontaÃ±ana, 4-6",0
2114,341,"39.4683254377,-0.351988738872","Carrer de RodrÃ­guez de Cepeda, 43",0
2116,254,"39.4675814422,-0.350541821258","Carrer del Doctor Manuel Candela, 17",0
2117,74,"39.4679992158,-0.350149915925","Carrer del Doctor Manuel Candela, 32",0
2119,73,"39.4666475941,-0.350697137135","Carrer del Doctor Manuel Candela, 16D",0
2120,73,"39.4660410289,-0.350943913535","Carrer del Doctor Manuel Candela, 6",0
2121,160,"39.4648773589,-0.350231114843","Carrer de les Illes CanÃ ries, 123",0
2122,298,"39.4624541928,-0.358198871318","Paseo de la Alameda, 39",0
2213,211,"39.4538395052,-0.36255143198","Avinguda dels Germans Maristes, 28",0
2214,31,"39.4526391384,-0.365014382416","Avinguda dels Germans Maristes, 16",0
2215,121,"39.4528674164,-0.36550057259","Carrer del Bomber Ramon Duart, 7",0
2216,301,"39.4534125006,-0.36597861942","Carrer del Bomber Ramon Duart, 7",0
2217,210,"39.4515635811,-0.367865589302","Avinguda dels Germans Maristes, 7-9",0
2218,31,"39.4506430238,-0.369711170093","Avinguda dels Germans Maristes, 8",0
2219,299,"39.4515356912,-0.370559306754","Carrera de la Fonteta de Sant LluÃ­s, 106-108",0
2220,211,"39.4506027392,-0.370139657376","Carrer de L'Ebenista Caselles, 4",0
2221,304,"39.450377123,-0.369819197313","Carrera de la Fonteta de Sant LluÃ­s, 141",0
2222,124,"39.4500526042,-0.369518104002","Carrera de la Fonteta de Sant LluÃ­s, 141",0
2223,30,"39.458012272,-0.359893078678","Avinguda de la Plata, 107",0
2224,210,"39.4579689715,-0.360412853519","Avinguda de la Plata, 103",0
2224,210,"39.4579689715,-0.360412853519","Avinguda de la Plata, 103",0
2225,30,"39.4570527336,-0.362092079649","Avinguda de la Plata, 83",0
1315,250,"39.4873995818,-0.362426104442","Carrer de Dolores MarquÃ©s, 28",0
1316,341,"39.4854483357,-0.364680419796","Carrer del Doctor Vicent Zaragoza, 3",0
1317,341,"39.485044023,-0.363380258036","Calle Cavanilles, 40",0
1318,161,"39.485325638,-0.363876238753","Carrer del Doctor Vicent Zaragoza, 7",0
1319,341,"39.4860790021,-0.366815102787","Carrer de Cofrentes, 18",0
1320,161,"39.4859413257,-0.365998082796","Carrer de Cofrentes, 26",0
1329,138,"39.489475786,-0.370273659761","Avinguda del Primat Reig, 47",0
1330,318,"39.4843814973,-0.363671547156","Avinguda del Primat Reig, 70",0
1331,177,"39.4848102834,-0.364733351396","Carrer de Molinell, 39",0
1332,357,"39.484950768,-0.368626000105","Carrer de Molinell, 10",0
1333,39,"39.488059086,-0.36815128816","Carrer d'Alfauir, 4-6",0
1334,341,"39.4831716242,-0.370166741253","Carrer del Convent dels Carmelites, 1-5",0
1403,251,"39.4807206265,-0.365757570532","Carrer de Cavanilles, 6",0
1404,161,"39.4790201333,-0.363937810172","Avenida Blasco IbÃ¡Ã±ez, 13",0
1405,341,"39.4782326704,-0.363427666752","Avinguda de Blasco IbÃ¡Ã±ez, 16",0
1406,71,"39.4757146672,-0.363072823477","Carrer del Doctor Moliner, 2",0
1408,124,"39.4750469996,-0.365182547534","Paseo de la Alameda, 10",0
1409,161,"39.475624243,-0.36327278348","Carrer del Pintor PeirÃ³, 12-14",0
1410,71,"39.474315165,-0.36375107193","Carrer d'Armando Palacio ValdÃ©s, 2",0
2329,30,"39.4548264291,-0.375870606361","Carrer de la Pianista Empar Iturbi, 71",0
2415,51,"39.4570571644,-0.403535812737","Carrer Nicolau Primitiu GÃ³mez, 3",0
2419,297,"39.4571097965,-0.402106773908","Avinguda de les Tres Creus, 56",0
2420,186,"39.4562970652,-0.393801136154","Carrer de Campos Crespo, 16",0
2421,296,"39.4548388899,-0.400696499527","Avinguda de les Tres Creus, 90",0
2422,116,"39.454168912,-0.39964419567","Avinguda de les Tres Creus, 90",0
2423,116,"39.4567150424,-0.40118379922","Avinguda de les Tres Creus, 70D",0
2424,227,"39.4545890233,-0.398357698696","Carrer de Campos Crespo, 54",0
2425,47,"39.454719614,-0.398112142976","Carrer de Campos Crespo, 50",0
2426,227,"39.4554409243,-0.397315033692","Carrer de Campos Crespo, 48-50",0
2427,47,"39.4555908983,-0.397046484745","Carrer de Campos Crespo, 39",0
2428,155,"39.4550994917,-0.39616042133","Carrer de Juan de Garay, 66",0
2429,227,"39.4562349899,-0.396316695147","Carrer de Campos Crespo, 34",0
2430,5,"39.456119517,-0.395618387563","Carrer de Campos Crespo, 30",0
2431,51,"39.4568935745,-0.395520691393","Carrer de Pius XI, 41",0
2432,319,"39.4577136228,-0.394468871173","Carrer de Pius XI, 40",0
2433,51,"39.4580248227,-0.394278744609","Carrer de Pius XI, 29",0
2434,229,"39.4588240447,-0.395848039898","Carrer de la Mare de DÃ©u de la Cabeza, 18",0
2435,311,"39.4587903188,-0.395684550346","Carrer de la Mare de DÃ©u de la Cabeza, 10",0
2436,222,"39.4595519108,-0.397164167285","Carrer de la Vall d'UixÃ³, 4",0
2437,49,"39.4591250879,-0.397490325498","Carrer de la Vall d'UixÃ³, 8",0
2441,49,"39.458354754,-0.398385761809","Calle MÃºsico Gomis, 15",0
1411,124,"39.4752088505,-0.365902964082","Paseo de la Alameda, 9",0
1413,318,"39.4804949881,-0.358446277869","Avinguda del Primat Reig, 108",0
1414,161,"39.4773764894,-0.358291382162","Avenida Blasco IbÃ¡Ã±ez, 23",0
1415,340,"39.4766485273,-0.358064325743","Avinguda de Blasco IbÃ¡Ã±ez, 48",0
1416,143,"39.4777005995,-0.369149288473","Carrer de Sant Pius V, 123",0
1442,71,"39.4797170438,-0.366399593152","Carrer de Cavanilles, 1",0
1443,332,"39.4767816693,-0.356036776687","Avinguda de Blasco IbÃ¡Ã±ez, 6118",0
1534,161,"39.4717803851,-0.35525620203","Carrer d'Ernest Ferrer, 13",0
1538,341,"39.4677752246,-0.35894863093","Avinguda del Port, 20",0
1539,341,"39.4674271075,-0.357766416866","Avinguda del Port, 32",0
1540,161,"39.4665040852,-0.356936788971","Carrer de les Illes CanÃ ries, 24",0
1541,251,"39.4669040093,-0.356650313959","Carrer d'Eduard BoscÃ , 4",0
1542,71,"39.4675374838,-0.356216864874","Avinguda del Cardenal Benlloch, 6",0
1601,160,"39.4644666043,-0.3487743638","Carrer de les Illes CanÃ ries, 90",0
1607,251,"39.4644600962,-0.342040018641","Carrer del Mestre Valls, 16",0
1608,71,"39.4653476261,-0.343025541112","Carrer de la IndÃºstria, 23",0
1609,161,"39.4654172426,-0.343351287394","Carrer del MarÃ­ Albesa, 43",0
1610,251,"39.4656643097,-0.344338722424","Carrer de la Conserva, 18-20",0
1612,341,"39.4642786488,-0.347152798153","Avinguda del Port, 129",0
2732,251,"39.4832350908,-0.357844333865","Carrer de RamÃ³n Asensio, 10",0
2733,341,"39.4833541869,-0.35761099781","Carrer del Doctor Vicent Zaragoza, 81",0
2734,161,"39.4833455327,-0.357081524618","Carrer del Doctor Vicent Zaragoza, 83",0
2735,254,"39.4841428177,-0.357469374035","Carrer dels Germans Villalonga, 5-7",0
2736,161,"39.4835557332,-0.357869417487","Carrer del Doctor Vicent Zaragoza, 75",0
2739,317,"39.4831794877,-0.362039394027","Avinguda del Primat Reig, 80",0
2740,71,"39.4806863376,-0.364362614657","Carrer de Jaume Roig, 6-8",0
2741,318,"39.4835659586,-0.362442782368","Carrer de la Vila de Muro, 133",0
2745,283,"39.4852661603,-0.352188455831","PlaÃ§a Num 26 Res Urb, 139",0
2746,103,"39.4871771036,-0.352496027565","PlaÃ§a Num 26 Res Urb, 84",0
2747,302,"39.488872252,-0.353472023985","PlaÃ§a Num 26 Res Urb, 136",0
2751,41,"39.4826635207,-0.34916440201","CamÃ­ Vera, 15",0
2752,44,"39.4834688892,-0.348005449478","Avinguda de Catalunya, 15",0
2753,64,"39.4794135204,-0.354021268344","Avinguda de Catalunya, 13-9",0
2754,239,"39.4797333143,-0.353933487671","Avinguda de Catalunya, 13-9",0
2755,53,"39.4796358357,-0.353599827646","Avinguda de Catalunya, 13-9",0
2756,324,"39.4803209463,-0.352411188443","Carrer del Clariano, 43",0
2757,109,"39.4798356577,-0.35136061313","Carrer del Clariano, 43",0
2758,120,"39.4798334628,-0.35151094934","Carrer del Clariano, 43",0
2759,341,"39.4819608017,-0.353187912121","Carrer del Doctor Vicent Zaragoza, 95",0
2760,49,"39.4808181654,-0.351854497741","Avinguda de Catalunya, 95",0
2811,81,"39.4807024034,-0.332433306839","Carrer de l'Enginyer Fausto Elio, 60-62",0
1613,341,"39.4636761216,-0.345130459822","Avinguda del Port, 153",0
1614,341,"39.462892121,-0.342493381942","Avinguda del Port, 222-224",0
1615,341,"39.4622633053,-0.340378464219","Avinguda del Port, 246",0
1616,70,"39.4616608178,-0.340803646679","Carrer de SetaigÃ¼es, 3",0
1617,160,"39.461584852,-0.341198790974","Carrer de les Illes CanÃ ries, 229-231",0
1618,71,"39.4621040086,-0.341758392171","Carrer de la Noguera, 3-5",0
1619,151,"39.4623028597,-0.343099432353","Carrer de les Illes CanÃ ries, 130-132",0
1620,251,"39.4631204056,-0.345548044953","Carrer de Samuel Ros, 6",0
1621,160,"39.4637703612,-0.346462859202","Carrer de les Illes CanÃ ries, 108",0
1703,211,"39.4843517582,-0.399667237182","Avinguda del General AvilÃ©s, 58",0
1704,211,"39.4855282474,-0.396944907865","Avinguda del General AvilÃ©s, 40",0
1707,121,"39.4848003033,-0.395023473078","Avinguda de Pius XII, 54-56",0
1712,31,"39.4839652167,-0.400175725609","Avinguda del General AvilÃ©s, 59",0
1714,211,"39.4853090151,-0.39726289604","Carrer d'Aparicio AlbiÃ±ana, 8",0
1715,31,"39.4826421558,-0.40322488718","Avinguda del General AvilÃ©s, 67",0
1717,281,"39.4798017295,-0.407226796952","Avinguda PÃ­o Baroja, 82",0
1718,78,"39.4826208251,-0.406458942353","Avinguda de PÃ­o Baroja, 506",0
1719,258,"39.4828028073,-0.406514014912","Avinguda de PÃ­o Baroja, 506",0
1801,251,"39.4708244318,-0.343036453118","Carrer del MÃºsic GinÃ©s, 33-35",0
2934,265,"39.4714056824,-0.328254596997","Carrer de la Reina, 202",0
2935,91,"39.4744251981,-0.328678488831","Carrer del ProgrÃ©s, 379",0
2936,175,"39.4719121303,-0.327847309206","Carrer del Pintor Ferrandis, 42",0
2937,271,"39.4763566349,-0.325721130102","Carrer d'Isabel de Villena, 2",0
3004,85,"39.4644780682,-0.328759043098","Carrer del Doctor Lluch, 20",0
3033,177,"39.4678044872,-0.330659624046","Carrer del Mediterrani, 13",0
3034,357,"39.467842174,-0.331439175256","Carrer del Mediterrani, 14",0
3035,357,"39.467900033,-0.332539261596","Carrer del Mediterrani, 4",0
3036,177,"39.4679415108,-0.332352127789","Carrer del Mediterrani, 4",0
3038,259,"39.4689830531,-0.332262918218","Carrer de LluÃ­s Despuig, 12-16",0
3039,171,"39.4688399816,-0.328438919352","Carrer d'Empar Guillem, 8",0
3041,83,"39.4660330785,-0.327839113647","Carrer del Doctor Lluch, 52",0
3042,173,"39.466947877,-0.327829217313","Carrer de la Mare de DÃ©u del Sufragi, 52",0
3043,88,"39.4635926913,-0.324809454338","Carrer d'EugÃ¨nia ViÃ±es, 13",0
3044,182,"39.4631707399,-0.326556996443","Carrer del Doctor Marcos Sopena, 23",0
3045,10,"39.4630149872,-0.328280199802","Carrer del Doctor Marcos Sopena, 23",0
3104,124,"39.4568009972,-0.33105796382","Avinguda de l'Enginyer Manuel Soto, 11",0
3105,230,"39.4610861329,-0.331902616916","Avinguda de l'Enginyer Manuel Soto, 8",0
3111,211,"39.4612846014,-0.33783624404","Carrer de les Illes CanÃ ries, 226",0
3114,261,"39.4603611949,-0.335485486816","Carrer del Pare Porta, 4-8",0
3116,261,"39.4619452918,-0.335573814576","Carrer de l'Arquitecte Alfaro, 8",0
3117,171,"39.4620801345,-0.336135764536","Carrer de Josep Aguirre, 18-20",0
1802,341,"39.4725901122,-0.344199120276","Avinguda de Blasco IbÃ¡Ã±ez, 150",0
1803,161,"39.4726801004,-0.342452258109","Avinguda de Blasco IbÃ¡Ã±ez, 133",0
1804,71,"39.4709675605,-0.342628181754","Carrer del MÃºsic GinÃ©s, 20",0
1805,71,"39.4691138834,-0.343528906407","Carrer del MÃºsic GinÃ©s, 8",0
1806,161,"39.4736951269,-0.345927461253","Avinguda de Blasco IbÃ¡Ã±ez, 97",0
1816,251,"39.4705761075,-0.337806358346","Carrer de JosÃ© MarÃ­a Haro, 35",0
1817,71,"39.4689683369,-0.338431776833","Carrer de JosÃ© MarÃ­a Haro, 12",0
1818,160,"39.4699953254,-0.339638838878","Carrer de l'Alguer, 30",0
2226,210,"39.4570966126,-0.362420615783","Avinguda de la Plata, 71",0
2226,210,"39.4570966126,-0.362420615783","Avinguda de la Plata, 71",0
2227,30,"39.4560891687,-0.364413739215","Avinguda de la Plata, 5150",0
2228,210,"39.4565111109,-0.363818980763","Avinguda de la Plata, 69",0
2228,210,"39.4565111109,-0.363818980763","Avinguda de la Plata, 69",0
2230,120,"39.4570812096,-0.363457762819","Carrer del General Urrutia, 43-45",0
2235,120,"39.4483085613,-0.369637140928","Avinguda d'AusiÃ s March, 79",0
2256,146,"39.4548698492,-0.353977803964","Avinguda del Professor LÃ³pez PiÃ±ero, 12",0
2312,176,"39.4526471341,-0.376419736678","Carrer d'OltÃ , 37",0
2313,30,"39.4543185255,-0.376927573799","Carrer de la Pianista Empar Iturbi, 59",0
2314,120,"39.4543531478,-0.377194690374","Carrer de l'Enginyer Joaquin Benlloch, 8",0
3319,359,"39.4628845007,-0.331420281653","Carrer de Francesc Cubells, 52",0
3320,86,"39.4630467676,-0.331517249956","Carrer d'Escalante, 24-26",0
3321,38,"39.462765671,-0.330219855523","Carrer del Doctor Josep Juan DÃ³mine, 19",0
3322,177,"39.4636568672,-0.329758627749","PlaÃ§a de LÂ´Armada Espanyola, 1-5",0
3323,177,"39.4635857668,-0.328991687721","Plaza Armada EspaÃ±ola, 7",0
3324,86,"39.4639371684,-0.32883990516","Carrer del Doctor Lluch, 6",0
3401,134,"39.4518575529,-0.350035536857","CV-5000, 6",0
3402,310,"39.4515245113,-0.350664416553","Camino Pou de Aparisi, 25",0
3403,302,"39.4559228588,-0.355970064287","Avenida del Profesor LÃ³pez PiÃ±ero, 8",0
3404,30,"39.4521387772,-0.35424908031","Carrer d'Antonio Ferrandis, 8",0
3405,210,"39.4525021463,-0.35412044937","Carrer d'Antonio Ferrandis, 8",0
3406,211,"39.4503584976,-0.359151458069","Carrer d'Antonio Ferrandis, 10",0
3407,31,"39.4493084711,-0.360870913517","Carrer d'Antonio Ferrandis, 10",0
3408,162,"39.452246842,-0.347772585922","Carrer d'Eduardo Primo YÃºfera, 10",0
3409,343,"39.4521706753,-0.347884813864","Carrer d'Eduardo Primo YÃºfera, 10",0
3411,223,"39.4543243852,-0.350594790722","Pont l'Assut de l'Or, 10",0
3501,258,"39.4683069078,-0.406509823827","Avinguda de les Tres Creus, 2",0
3502,258,"39.4686187924,-0.406291774772","Avinguda de les Tres Creus, 2",0
3503,276,"39.4670470719,-0.406426108605","Avinguda de les Tres Creus, 8",0
3504,276,"39.4670976574,-0.406319576377","Avinguda de les Tres Creus, 8",0
3505,276,"39.4648431228,-0.406168235627","Avinguda de les Tres Creus, 26",0
3506,7,"39.4649339042,-0.407556704077","Carrer de l'Havana, 5",0
2315,120,"39.4550349334,-0.377672506179","Carrer de l'Enginyer Joaquin Benlloch, 8",0
2316,300,"39.4554479772,-0.378146822392","Carretera Malilla, 2",0
2317,261,"39.4549420805,-0.378044699477","Carretera Malilla, 2",0
2319,261,"39.4539907201,-0.378305388287","Carretera Malilla, 7D",0
2320,356,"39.4527497808,-0.378417561241","Carrer d'OltÃ , 26",0
2321,261,"39.4526396365,-0.37865630116","Carretera Malilla, 26",0
2440,319,"39.4589749339,-0.398509416384","Avinguda de Jose Roca Coll, 19",0
2442,319,"39.4584232477,-0.397739077315","Avinguda de Jose Roca Coll, 16",0
2443,139,"39.4585333517,-0.397287186243","Avinguda de Jose Roca Coll, 16",0
2444,318,"39.4573409439,-0.396642513664","Avinguda de Jose Roca Coll, 14",0
2445,104,"39.4572096923,-0.395980925046","Avinguda de Jose Roca Coll, 14",0
2446,227,"39.4573395327,-0.397221865474","Carrer del Canonge TÃ rrega, 14",0
2447,318,"39.4552857263,-0.399186656951","Carrer de la Borrasca, 14",0
2448,318,"39.4569608032,-0.39708560032","Carrer de Fra JunÃ­per Serra, 3-13",0
2501,121,"39.4663069584,-0.381928440742","Gran VÃ­a de RamÃ³n y Cajal, 16",0
3528,186,"39.4631160445,-0.414845398561","Calle Andarella, 2",0
3529,186,"39.463102065,-0.414534473192","Calle Andarella, 2",0
3530,185,"39.4633089081,-0.410123402215","Carrer de les Tres Forques, 173",0
3601,301,"39.4804547753,-0.399790656402","Avinguda del Mestre Rodrigo, 37",0
3602,300,"39.4775625482,-0.397738535556","Avinguda del Mestre Rodrigo, 13",0
3603,301,"39.4762045484,-0.396755428387","Avinguda de PÃ©rez GaldÃ³s, 109",0
3604,210,"39.4770256541,-0.395776653387","Avinguda de Tirso de Molina, 18",0
3605,196,"39.4753754698,-0.401299832124","Avinguda de Manuel de Falla, 41",0
3606,281,"39.4744408339,-0.40606935459","Pont del Nou d'Octubre, 41",0
3607,252,"39.4796370305,-0.393858286242","Avinguda de Campanar, 106",0
3608,210,"39.4775050959,-0.394461333775","Avinguda de Tirso de Molina, 12",0
3609,101,"39.4749798631,-0.405797912966","Avinguda PÃ­o Baroja, 12",0
3610,101,"39.4763474056,-0.406203601065","Avinguda PÃ­o Baroja, 3",0
3611,101,"39.4770446234,-0.406229314814","Avinguda PÃ­o Baroja, 3",0
3612,286,"39.478280386,-0.402414482378","Avinguda dels Tamarindes, 23",0
3613,359,"39.4784383349,-0.402226558488","Carrer de la Vall de la Ballestera, 50",0
3614,21,"39.4783645376,-0.399927833836","Carrer de la Vall de la Ballestera, 49",0
3615,301,"39.478688694,-0.398528699903","Avinguda del Mestre Rodrigo, 27",0
3616,31,"39.4789694514,-0.39831009","Carrer de la Vall de la Ballestera, 39",0
3617,301,"39.4791420447,-0.396320776408","Carrer de Castielfabib, 18",0
3618,31,"39.4797135997,-0.396564840347","Carrer de la Vall de la Ballestera, 23",0
3619,302,"39.480262693,-0.397189260133","Carrer del Gravador EnguÃ­danos, 48-50",0
3619,302,"39.480262693,-0.397189260133","Carrer del Gravador EnguÃ­danos, 48-50",0
3620,211,"39.4797148631,-0.396822299573","Carrer de la Vall de la Ballestera, 22-32",0
2502,121,"39.4662824156,-0.382003897914","Gran VÃ­a de RamÃ³n y Cajal, 16",0
2503,121,"39.4695101313,-0.384253667341","Gran Via de Ferran el CatÃ²lic, 2-6",0
2529,59,"39.4671555203,-0.385890165285","Carrer de Conca, 29-31",0
2530,121,"39.4694811542,-0.384327503403","Gran Via de Ferran el CatÃ²lic, 2-6",0
2531,301,"39.4683955947,-0.383841729141","Gran VÃ­a de RamÃ³n y Cajal, 59",0
2532,121,"39.4687141996,-0.383694437891","Gran VÃ­a de RamÃ³n y Cajal, 42",0
2534,197,"39.4702000519,-0.385740141653","Carrer d'Ã€ngel GuimerÃ , 13-15",0
2535,8,"39.4724822483,-0.383835207819","Carrer de Guillem Sorolla, 38-40",0
2536,121,"39.4676552425,-0.382931506828","Gran VÃ­a de RamÃ³n y Cajal, 32",0
2537,121,"39.4806371132,-0.383117445128","Pont de les Arts, 32",0
2801,263,"39.475911609,-0.333528466852","Carrer de LluÃ­s PeixÃ³, 33",0
2802,263,"39.4715449776,-0.334387657677","Carrer del MarÃ­ Blas de Lezo, 31",0
2803,83,"39.471811683,-0.334157995889","Carrer del MarÃ­ Blas de Lezo, 24",0
2804,349,"39.4727054275,-0.333864919979","Carrer d'Antoni Joan, 4",0
2805,83,"39.4731357844,-0.333893222029","Carrer de LluÃ­s PeixÃ³, 8",0
2806,263,"39.4737466217,-0.333955267835","Carrer de LluÃ­s PeixÃ³, 24",0
2807,83,"39.475185605,-0.333510043863","Carrer de LluÃ­s PeixÃ³, 15-25",0
2808,83,"39.4772798172,-0.333079307927","Carrer de l'Enginyer Fausto Elio, 3",0
2809,83,"39.4795302784,-0.332642477289","Carrer de l'Enginyer Fausto Elio, 38",0
2810,263,"39.4790084832,-0.332936801941","Carrer de l'Enginyer Fausto Elio, 5",0
2812,172,"39.4804199202,-0.331127394632","Carrer de Vicente la Roda, 12",0
2813,261,"39.4841250988,-0.331742097778","Carrer de l'Enginyer Fausto Elio, 102",0
2815,171,"39.48406246,-0.330145814979","Carrer de MendizÃ¡bal, 14",0
2816,265,"39.4693800362,-0.334843779293","Carrer de la Serradora, 93",0
2817,341,"39.4786863888,-0.341721927207","Avinguda dels Tarongers, 8",0
2818,341,"39.478182439,-0.339966498207","Avinguda dels Tarongers, 1",0
2819,341,"39.4775837107,-0.337934278323","Avinguda dels Tarongers, 10",0
2820,161,"39.4766855607,-0.333873308428","Avinguda dels Tarongers, 14",0
2823,341,"39.475784232,-0.331668486053","Avinguda dels Tarongers, 14",0
2824,161,"39.4759550654,-0.331335463075","Avinguda dels Tarongers, 33",0
2901,345,"39.4722382323,-0.331496980872","Carrer del Pintor Ferrandis, 8",0
2902,175,"39.4719505448,-0.32839707745","Carrer del Pintor Ferrandis, 38-40",0
2903,355,"39.4718963458,-0.328086639279","Carrer del Pintor Ferrandis, 42",0
2904,355,"39.4718216952,-0.327470993193","Carrer del Pintor Ferrandis, 42",0
2905,181,"39.471754096,-0.325723824264","Carrer del Pintor Ferrandis, 49",0
2906,1,"39.4717475473,-0.325291712608","Carrer del Pintor Ferrandis, 11",0
2907,85,"39.4719616194,-0.327660227087","Carrer del Doctor Lluch, 237",0
2908,86,"39.4732541171,-0.327475627983","Carrer del Doctor Lluch, 281",0
2909,176,"39.4732034756,-0.327833918823","Carrer d'en Vicent Guillot Tio Bola, 20",0
2910,270,"39.4812806464,-0.325718420695","Carrer d'Isabel de Villena, 129",0
2911,271,"39.4770480442,-0.325733229593","Carrer d'Isabel de Villena, 4",0
2912,271,"39.4735861853,-0.325506716593","Carrer d'EugÃ¨nia ViÃ±es, 235",0
2913,271,"39.4716903066,-0.325505455034","Carrer d'EugÃ¨nia ViÃ±es, 217-219",0
2322,81,"39.4514120422,-0.378881679794","Carretera Malilla, 48",0
2323,261,"39.4508844972,-0.379102317502","Carretera Malilla, 52D",0
2324,81,"39.4491883869,-0.379430708993","Carretera Malilla, 72",0
2325,261,"39.4489497957,-0.379578888124","Carretera Malilla, 78",0
2326,81,"39.4473142213,-0.379889229939","Carretera Malilla, 77-79",0
2327,261,"39.4470139717,-0.380039750172","Carretera Malilla, 100",0
2328,30,"39.4547741429,-0.375855488071","Carrer de la Pianista Empar Iturbi, 71-73",0
2401,51,"39.4569959226,-0.403438646256","CamÃ­ Nou de Picanya, 3-5",0
2402,117,"39.454733858,-0.405191126495","Carrer Pau, 4-6",0
2403,297,"39.4571906888,-0.406229524437","Carrer dels Pedrapiquers, 6-8",0
2404,226,"39.4552044418,-0.405846801071","CamÃ­ Nou de Picanya, 45",0
2405,117,"39.4560115139,-0.405366751869","Carrer dels Pedrapiquers, 7",0
2406,51,"39.4587638586,-0.401570470893","Carrer de l'Arxiduc Carles, 127-133",0
2407,231,"39.4577063431,-0.403020547308","CamÃ­ Nou de Picanya, 3",0
2408,232,"39.4567430368,-0.40401662782","Carrer de l'Arquitecte Segura de Lago, 3",0
2409,232,"39.4566192927,-0.404005805834","Carrer de l'Arquitecte Segura de Lago, 3",0
2410,297,"39.4575268072,-0.404313509695","Carrer dels Coeters, 5",0
2411,46,"39.4545789344,-0.40637660905","Calle San Isidro, 48",0
2412,46,"39.454837256,-0.406213992897","CamÃ­ Nou de Picanya, 47",0
2413,117,"39.4590257332,-0.402902383499","Avinguda de les Tres Creus, 101",0
2414,117,"39.4585006867,-0.402749108015","Avinguda de les Tres Creus, 105",0
2439,139,"39.4592086643,-0.398234365354","Avinguda de Jose Roca Coll, 19",0
3802,121,"39.4927240711,-0.400984154248","Avinguda de les Corts Valencianes, 2",0
3803,301,"39.4922741209,-0.40119295304","Avinguda de les Corts Valencianes, 39",0
3804,301,"39.4924996491,-0.401024269932","Avinguda de les Corts Valencianes, 37",0
3805,31,"39.4948676115,-0.401621971611","Carrer del Camp del TÃºria, 37",0
3806,121,"39.4953067637,-0.402514045483","CV-35, 37",0
3807,211,"39.494482921,-0.4031804255","Carrer del Camp del TÃºria, 30",0
3808,301,"39.489597218,-0.399260667212","Avinguda de les Corts Valencianes, 17",0
3809,121,"39.4893892221,-0.398772451107","Avinguda de les Corts Valencianes, 17",0
3810,211,"39.4956944523,-0.400424349956","Carrer del Camp del TÃºria, 17",0
3811,301,"39.4954803051,-0.399896958147","Carrer del Doctor Nicasi Benlloch, 130",0
3812,121,"39.4958589152,-0.403231553912","CV-35, 130",0
3815,211,"39.4935271536,-0.398771625224","Carrer de l'Horta Sud, 312",0
3816,310,"39.493445593,-0.398368663364","Carrer del Doctor Nicasi Benlloch, 114",0
3817,210,"39.4914919562,-0.396679429993","Carrer de la Safor, 114",0
3818,310,"39.4912588046,-0.396108340594","Carrer del Doctor Nicasi Benlloch, 76",0
3819,30,"39.4905457533,-0.398442840578","Carrer de la Safor, 5",0
3820,211,"39.4899981327,-0.400118751482","Carrer de la Safor, 5",0
3821,31,"39.4923205791,-0.407500294818","Carrer del Camp del TÃºria, 16",0
3822,301,"39.4869127632,-0.404465012386","Avinguda del Mestre Rodrigo, 105",0
2914,271,"39.471150816,-0.325523719021","Carrer d'EugÃ¨nia ViÃ±es, 207",0
2915,95,"39.4751088593,-0.326512549053","Carrer de Cavite, 12",0
2916,1,"39.4765024491,-0.326526029515","Carrer del Riu Tajo, 23",0
2917,90,"39.4779307187,-0.326732404566","Carrer de Cavite, 25",0
2918,264,"39.4841332644,-0.327713121883","Avinguda de la Malva-rosa, 144",0
2919,271,"39.4821280039,-0.328053465303","Avinguda de la Malva-rosa, 99",0
2920,352,"39.4814116008,-0.328579932636","Carrer de Fuerteventura, 5",0
2921,0,"39.4813447585,-0.32664772254","Carrer de la Font d'En CarrÃ²s, 17",0
2922,271,"39.4811015408,-0.328044409228","Avinguda de la Malva-rosa, 94",0
2923,172,"39.4793357696,-0.32711841958","Carrer de Vicente la Roda, 35",0
2924,270,"39.4785780316,-0.328029689051","Avinguda de la Malva-rosa, 22-24",0
2925,1,"39.4765182759,-0.327523074491","Carrer del Riu Tajo, 7",0
2926,271,"39.4760385639,-0.327742939217","Avinguda de la Malva-rosa, 10-12",0
3027,277,"39.465770411,-0.324918379303","Carrer d'EugÃ¨nia ViÃ±es, 79",0
3028,176,"39.4674657196,-0.325929478148","Carrer del Mediterrani, 59",0
3029,357,"39.4676528576,-0.328756033027","Carrer del Mediterrani, 32",0
3030,177,"39.467732984,-0.329425632259","Carrer del Mediterrani, 45",0
3031,357,"39.4677285071,-0.330070201657","Carrer del Mediterrani, 24",0
3032,263,"39.4682744103,-0.330482769556","Carrer de Josep Benlliure, 156",0
3203,91,"39.4694380576,-0.324757721279","Carrer de Pavia, 41-43",0
3204,92,"39.4704222923,-0.324786871544","Carrer de Pavia, 59",0
3205,90,"39.4712208528,-0.324775922945","Carrer de Pavia, 85-87",0
3206,0,"39.4717544077,-0.325078226651","Carrer del Pintor Ferrandis, 55",0
3207,90,"39.4718251215,-0.32456812353","Carrer de Pavia, 2",0
3208,90,"39.4747371163,-0.324765634864","Carrer de Pavia, 14-18",0
3209,272,"39.4768592386,-0.324951583386","Carrer de Pavia, 14-18",0
3210,90,"39.4771457473,-0.324750250598","Carrer de Pavia, 20-22",0
3211,273,"39.4786992156,-0.32497784228","Carrer de Pavia, 20-22",0
3212,93,"39.479443702,-0.324794193694","Carrer de Pavia, 20-22",0
3213,273,"39.4812980648,-0.32505365311","Carrer de Pavia, 20-22",0
3301,265,"39.4678483416,-0.335066845829","Carrer de la Serradora, 71",0
3302,261,"39.4668671421,-0.335240739314","Carrer del Pintor Ferrer Calatayud, 23-33",0
3303,85,"39.4675695335,-0.334942860321","Carrer de la Serradora, 65",0
3304,81,"39.4662078196,-0.335217972181","Carrer de la Serradora, 59",0
3305,252,"39.4652218765,-0.335739808103","Carrer de la Serradora, 51",0
3306,66,"39.4646398463,-0.33588746981","Carrer de la Serradora, 41",0
3308,239,"39.4634941718,-0.33684904849","Carrer de la Serradora, 19",0
3309,58,"39.4624720638,-0.337636887217","Carrer de la Serradora, 6",0
3310,48,"39.4619787231,-0.338220374189","Carrer de la Serradora, 4-6",0
3311,228,"39.4621634362,-0.33822302585","Carrer de la Serradora, 3",0
3312,84,"39.4687858659,-0.334762912557","Carrer de la Serradora, 65",0
3118,220,"39.4611255345,-0.339793138509","Carrer d'Eivissa, 6",0
3120,304,"39.4569768939,-0.331310253799","Avinguda de l'Enginyer Manuel Soto, 11",0
3121,236,"39.4540364487,-0.330994161929","Pont de les Drassanes, 11",0
3122,56,"39.4532999942,-0.33151211917","Pont de les Drassanes, 11",0
3123,48,"39.4605022771,-0.333091501739","Carrer del Doctor Josep Juan DÃ³mine, 4",0
3126,50,"39.4608845501,-0.332021771946","Avinguda de l'Enginyer Manuel Soto, 8",0
3127,203,"39.4592558601,-0.333259814179","Carrer de Joan Verdeguer, 50",0
3128,187,"39.4587972945,-0.336284094552","Carrer de Joan Verdeguer, 41J",0
3129,341,"39.4616054964,-0.338156525001","Avinguda del Port, 266-272",0
3130,341,"39.4607165897,-0.335183322997","Avinguda del Port, 310",0
3132,56,"39.4542812891,-0.330627818701","Avinguda de l'Enginyer Manuel Soto, 19",0
3133,240,"39.4565033944,-0.331108232166","Carrer ExÃ¨rcit Espanyol, 4",0
3134,54,"39.4539219834,-0.331170300276","Pont de les Drassanes, 4",0
3201,92,"39.4684667867,-0.32479706861","Carrer de Pavia, 17",0
3202,181,"39.4693928693,-0.324950631259","Carrer dels Pescadors, 50",0
3313,353,"39.46356529,-0.336155021805","Carrer de Francesc Cubells, 6",0
3314,341,"39.4633812895,-0.335063580006","Carrer de Francesc Cubells, 20",0
3315,261,"39.4633219709,-0.335227578482","Carrer de l'Arquitecte Alfaro, 28",0
3316,353,"39.4631717799,-0.333611482625","Carrer de Francesc Cubells, 27",0
3317,267,"39.4629151132,-0.333718351811","Carrer de Francesc Baldomar, 18",0
3507,297,"39.4627247513,-0.405540445006","Avenida Tres Cruces, 18",0
3508,297,"39.462778491,-0.405419471513","Avinguda de les Tres Creus, 63",0
3509,297,"39.4603807526,-0.404105999406","Avinguda de les Tres Creus, 79",0
3510,297,"39.4603801283,-0.403946164307","Avinguda de les Tres Creus, 79",0
3511,297,"39.4590550661,-0.40330637552","Avenida Tres Cruces, 52",0
3512,117,"39.4604324464,-0.403764441166","Avinguda de les Tres Creus, 79",0
3513,185,"39.460484554,-0.40245695202","Carrer del Doctor PÃ©rez Feliu, 16",0
3514,117,"39.4615931197,-0.40465989685","Avinguda de les Tres Creus, 71",0
3515,96,"39.4642861855,-0.405399746116","Avinguda de les Tres Creus, 49",0
3516,96,"39.4643015343,-0.405502546191","Avinguda de les Tres Creus, 49",0
3705,255,"39.4960180827,-0.372212394946","Carrer del Comte de Lumiares, 24",0
3706,51,"39.4945965558,-0.372010112571","Avinguda de la ConstituciÃ³, 185-191",0
3801,121,"39.4928465723,-0.400727185668","Avinguda de les Corts Valencianes, 28-30",0
1161,239,"39.4802767429,-0.373786780394","Carrer d'Almassora, 28-30",0
1212,293,"39.4956172994,-0.380756165201","CamÃ­ de Montcada, 95",0
1223,111,"39.4949281507,-0.380333174858","CamÃ­ de Montcada, 98",0
1402,251,"39.4788658096,-0.366638708958","Carrer del General Elio, 10",0
1702,121,"39.4813067816,-0.400173851955","Avinguda del Mestre Rodrigo, 30",0
1716,211,"39.482471585,-0.404020898019","Avinguda del General AvilÃ©s, 67",0
2126,166,"39.4612019978,-0.355469648047","Carrer del Riu Escalona, 67",0
2127,324,"39.4608949704,-0.356414868613","Avinguda de FranÃ§a, 1",0
2128,74,"39.4610182609,-0.352968215984","Carrer del Pare TomÃ s de MontaÃ±ana, 81F",0
2129,254,"39.4617660475,-0.352905120082","Carrer del Pare TomÃ s de MontaÃ±ana, 35",0
2130,159,"39.4624491568,-0.353081564835","Avinguda de les Balears, 30-32",0
2131,159,"39.4631922206,-0.355330851188","Avinguda de les Balears, 4",0
2132,341,"39.4665615723,-0.354854577326","Avinguda del Port, 64-70",0
2133,341,"39.4660095908,-0.352996753029","Avinguda del Port, 81",0
2134,341,"39.4649838112,-0.349531677325","Avinguda del Port, 132",0
2135,169,"39.4658096509,-0.353416065456","Carrer de les Illes CanÃ ries, 76",0
2205,125,"39.4568884082,-0.356249107362","Avinguda del Professor LÃ³pez PiÃ±ero, 76",0
2206,305,"39.4568895988,-0.356600474702","Avinguda del Professor LÃ³pez PiÃ±ero, 76",0
2207,31,"39.4556159931,-0.357901253326","PlaÃ§a de Miquel Asins ArbÃ³, 16",0
2208,211,"39.4557365277,-0.357877344798","Avinguda de l'Institut Obrer ValenciÃ , 23",0
2209,211,"39.4547223696,-0.360251223224","Avinguda de l'Institut Obrer ValenciÃ , 7",0
2210,31,"39.4543489609,-0.360851660281","Avinguda de l'Institut Obrer ValenciÃ , 7",0
3823,121,"39.4886814892,-0.405556935276","Avinguda del Mestre Rodrigo, 82",0
3824,301,"39.4914333128,-0.407940169055","Avinguda del Mestre Rodrigo, 88",0
3825,31,"39.4879932829,-0.404413094373","Carrer de la Safor, 17",0
3826,210,"39.4878745227,-0.405803393774","Avinguda del Mestre Rodrigo, 82",0
3827,329,"39.4878875963,-0.406065374186","Avinguda del Mestre Rodrigo, 82",0
3828,301,"39.4874776445,-0.397664836747","Avinguda de les Corts Valencianes, 3",0
3829,301,"39.486232417,-0.396504420352","Avinguda de les Corts Valencianes, 46",0
3830,121,"39.4861416785,-0.396259484058","Avinguda de Pius XII, 62",0
3831,301,"39.4983275928,-0.405190739168","CV-35, 62",0
3832,321,"39.488696761,-0.391732298253","Carrer del Doctor Nicasi Benlloch, 30",0
3901,166,"39.4601326445,-0.350805575219","Avinguda de FranÃ§a, 19",0
3902,320,"39.4576250288,-0.350266734044","Paseo de la Alameda, 45",0
3904,41,"39.4576500686,-0.345147030323","Carrer de Menorca, 17",0
3905,220,"39.4592380683,-0.342881859635","Carrer de Menorca, 5203",0
4018,310,"39.4986978531,-0.387577720405","CV-30, 5203",0
4019,130,"39.4961326767,-0.392891804452","Avinguda de l'Equador, 93",0
4020,310,"39.4966760637,-0.393562164372","Avinguda de l'Equador, 101",0
4021,39,"39.497291681,-0.39350883173","Carrer de Salvador CerverÃ³, 101",0
4022,219,"39.4986545268,-0.391444938738","Carrer de Salvador CerverÃ³, 47",0
4023,39,"39.4988286403,-0.390961889756","Carrer de Salvador CerverÃ³, 47",0
4024,219,"39.4999111466,-0.389328449984","Carrer de Salvador CerverÃ³, 24",0
4101,137,"39.4503375083,-0.395433188596","Avinguda de les Tres Creus, 5187",0
4102,137,"39.4489395078,-0.393616768896","Avinguda del Doctor TomÃ s Sala, 5187",0
4103,345,"39.4476291446,-0.391791525423","Avinguda del Doctor TomÃ s Sala, 12",0
4104,165,"39.4475914397,-0.390967726679","Avinguda del Doctor TomÃ s Sala, 12",0
4105,345,"39.4469626116,-0.388900789866","Avinguda del Doctor TomÃ s Sala, 12",0
4106,165,"39.4466070338,-0.386785523972","Avinguda del Doctor TomÃ s Sala, 12",0
4116,6,"39.4422783523,-0.391900950635","PlaÃ§a Num 139 Res Urb, 120",0
4117,184,"39.4423811933,-0.391642625485","PlaÃ§a Num 139 Res Urb, 120",0
4121,240,"39.4489760714,-0.393043402991","Carrer del General Barroso, 81",0
4123,317,"39.4507707686,-0.396281079625","Avinguda de les Tres Creus, 5187",0
4305,211,"39.4476973575,-0.365662166615","Carrer d'Antonio Ferrandis, 5187",0
4309,31,"39.4468636145,-0.366762400748","Carrer d'Antonio Ferrandis, 5187",0
4315,81,"39.4447374759,-0.379955425396","Carretera Malilla, 117",0
4316,284,"39.4448966082,-0.380076537628","Carretera Malilla, 102",0
4319,174,"39.4459987652,-0.378776667476","Cami Assagador del Morro, 22",0
4320,111,"39.4475847582,-0.369190194183","Avinguda d'AusiÃ s March, 99",0
4322,30,"39.4451235865,-0.371110953097","Avinguda de Fernando Abril Martorell, 48",0
4323,210,"39.4452862358,-0.370986863138","Avinguda de Fernando Abril Martorell, 48",0
4324,174,"39.4454341403,-0.378311884141","Avinguda de Fernando Abril Martorell, 48",0
4325,354,"39.4456493589,-0.381985232249","Avinguda de Fernando Abril Martorell, 48",0
4326,150,"39.4418006167,-0.371862969996","PlaÃ§a Num 155 Res Urb, 161",0
3925,161,"39.4609405075,-0.348112506308","Avinguda de les Balears, 134F",0
3926,40,"39.4589002713,-0.343175231327","Carrer de Menorca, 5203",0
3927,76,"39.4597633951,-0.348148455489","Carrer del Pintor Maella, 31",0
3928,161,"39.4617979787,-0.350937157638","Avinguda de les Balears, 65",0
3929,272,"39.4605184972,-0.345431030512","Carrer de Trafalgar, 38",0
3930,256,"39.461395842,-0.350123387659","Carrer Alfred Toran i Olmos, 1",0
3931,255,"39.4604904724,-0.346802787875","Carrer de Samuel Ros, 45",0
3935,43,"39.4551190621,-0.348969242847","Pont l'Assut de l'Or, 45",0
4001,130,"39.5002006295,-0.388876801322","CV-30, 45",0
4002,288,"39.4970913568,-0.384750613548","Avinguda de Joan XXIII, 45",0
4008,337,"39.4928693804,-0.387330179091","Avinguda de l'Equador, 43",0
4009,157,"39.4936667173,-0.389363704594","Avinguda de l'Equador, 42-44",0
4010,337,"39.4936958426,-0.389626741735","Avinguda de l'Equador, 57",0
4011,69,"39.4933843087,-0.38843799673","Carrer del Poeta Serrano Clavero, 43",0
4012,40,"39.4949473601,-0.390108737208","Avinguda del Levante U.D., 16",0
4013,220,"39.4959999728,-0.38896109619","Avinguda del Levante U.D., 18",0
4014,108,"39.4936614589,-0.386660343207","Carrer del General Llorens, 18",0
4015,288,"39.4938227259,-0.386782946417","Carrer del General Llorens, 18",0
4016,0,"39.4950052805,-0.385741645603","Carrer de Federico AlcÃ¡cer Aguilar, 22",0
4017,40,"39.4961078313,-0.388218985827","Avinguda del Levante U.D., 28",0
4107,255,"39.4457411713,-0.386657096209","Carrer de Sant Vicent MÃ rtir, 386",0
4108,75,"39.4473110551,-0.385978585512","Carrer de Sant Vicent MÃ rtir, 317",0
4109,75,"39.4449800928,-0.386890188327","Carrer de Sant Vicent MÃ rtir, 345",0
4115,4,"39.447790959,-0.387988338007","Carrer de TomÃ¡s de Villarroya, 17",0
4122,165,"39.4461118362,-0.384591858224","Avinguda de Fernando Abril Martorell, 17",0
4201,38,"39.4892839227,-0.365700224922","Carrer d'Alfauir, 26",0
4202,218,"39.4935322598,-0.359132089302","Carrer d'Alfauir, 49",0
4203,218,"39.4894766312,-0.366226086517","Carrer d'Alfauir, 22",0
4204,38,"39.492848077,-0.359785174304","Carrer d'Alfauir, 45",0
4205,219,"39.4884801806,-0.367721279568","Carrer d'Alfauir, 7",0
4207,48,"39.4923164192,-0.366418553059","Carrer de Motilla del Palancar, 33",0
4209,48,"39.4928892422,-0.367728180813","Carrer de Sant Vicent de PaÃ¼l, 36",0
4210,228,"39.4926320215,-0.368214054218","Carrer de Sant Vicent de PaÃ¼l, 32",0
4211,138,"39.4929171141,-0.368269002893","Carrer del Duc de Mandas, 28",0
4212,54,"39.4934118564,-0.367077213539","Carrer de Sant Vicent de PaÃ¼l, 42T",0
4213,318,"39.4932436453,-0.367130106921","Carrer de l'Arquitecte TolsÃ , 26-38",0
323,30,"39.4631266944,-0.377691282606","Gran Via de les Germanies, 53",0
324,256,"39.4643602389,-0.377612436558","Carrer d'Alacant, 23",0
325,260,"39.4630381957,-0.378069178925","Carrer de Gibraltar, 1",0
326,210,"39.4641806262,-0.375680237662","Gran Via de les Germanies, 18",0
401,210,"39.4643377315,-0.368658647406","Carrer del Mestre Gozalbo, 25-27",0
402,30,"39.4631749532,-0.36760189861","Carrer de Pere III el Gran, 38-40",0
403,30,"39.4640986914,-0.365419872864","Carrer de la Reina Na Germana, 13",0
426,210,"39.4617665332,-0.364382936367","Avinguda de Peris i Valero, 166",0
427,300,"39.4594114909,-0.361131899321","Carrer de L'Escultor JosÃ© Capuz, 36-38",0
428,166,"39.462321909,-0.361061024047","Avinguda del Regne de ValÃ¨ncia, 87",0
428,166,"39.462321909,-0.361061024047","Avinguda del Regne de ValÃ¨ncia, 87",0
518,126,"39.4582738564,-0.376555263399","Carrer de les Filipines, 29",0
519,210,"39.4608615327,-0.366525156365","Avinguda de Peris i Valero, 147",0
520,210,"39.4600398098,-0.368450331799","Avinguda de Peris i Valero, 125",0
521,210,"39.4586624745,-0.371743220024","Avinguda de Peris i Valero, 87",0
522,210,"39.4575995987,-0.374236234109","Avinguda de Peris i Valero, 59",0
523,300,"39.4546861091,-0.374417103468","Avinguda d'AusiÃ s March, 26",0
603,121,"39.4633519758,-0.387377101808","Avinguda de PÃ©rez GaldÃ³s, 14-16",0
604,301,"39.4591686757,-0.384575015207","Avinguda de Giorgeta, 28",0
605,121,"39.4613178957,-0.385920977325","Avinguda de Giorgeta, 15",0
606,238,"39.4632865549,-0.385925682949","Carrer de JesÃºs, 79-81",0
707,109,"39.4658024244,-0.394504045427","Carrer d'Enguera, 23",0
736,185,"39.463702751,-0.403655322268","Carrer de les Tres Forques, 102",0
3903,221,"39.4581027843,-0.344686756904","Carrer de Menorca, 106",0
4003,108,"39.4954765845,-0.383964506754","Avinguda de Joan XXIII, 106",0
4004,288,"39.4951444234,-0.384031394031","Avinguda de Joan XXIII, 106",0
4005,108,"39.4935456352,-0.383260420716","Avinguda de Joan XXIII, 46",0
4006,288,"39.4930275597,-0.383232079834","Avinguda de Joan XXIII, 27",0
4007,157,"39.49283636,-0.387041584238","Avinguda de l'Equador, 43",0
4433,228,"39.4958595487,-0.364216180945","Carrer de Sant Vicent de PaÃ¼l, 2",0
4434,256,"39.4976333668,-0.371600040798","Carrer del Comte de Lumiares, 42",0
4435,122,"39.4928216474,-0.356209612813","Carrer Vila de l'AlcorÃ , 7",0
4501,84,"39.4536443998,-0.334753456592","Carrer de SuÄ«ssa, 7",0
4501,84,"39.4536443998,-0.334753456592","Carrer de SuÄ«ssa, 7",0
741,4,"39.463933018,-0.395486614859","Carrer de les Tres Forques, 71",0
742,5,"39.4641733634,-0.389634198589","Carrer de les Tres Forques, 9-11",0
743,185,"39.4642716579,-0.390174478081","Carrer de les Tres Forques, 28",0
807,196,"39.4696200531,-0.38881023428","Carrer d'Ã€ngel GuimerÃ , 47",0
813,32,"39.4764897808,-0.392785018972","Passeig de la Petxina, 37-38",0
814,188,"39.4744013811,-0.393573206135","Avinguda de Sant Josep de la Muntanya, 13",0
815,121,"39.474409445,-0.395280074929","Avinguda de PÃ©rez GaldÃ³s, 126",0
817,32,"39.4752126271,-0.395571525119","Passeig de la Petxina, 42",0
818,232,"39.4665474547,-0.393281984024","Carrer de l'Arxiduc Carles, 15",0
819,121,"39.4752383017,-0.395839227816","Avinguda de PÃ©rez GaldÃ³s, 500",0
820,58,"39.4632184222,-0.38908290289","Carrer de Conca, 86",0
820,58,"39.4632184222,-0.38908290289","Carrer de Conca, 86",0
821,301,"39.4727991476,-0.394326154443","Avinguda de PÃ©rez GaldÃ³s, 119",0
822,121,"39.4653501718,-0.388902503218","Avinguda de PÃ©rez GaldÃ³s, 44",0
825,194,"39.4746447313,-0.390598369603","Carrer de Quart, 124-126",0
916,29,"39.4705438272,-0.394398958463","PlaÃ§a d'Artur Piera, 1",0
917,339,"39.4713671306,-0.397052012832","Carrer del Brasil, 31",0
918,88,"39.4721169283,-0.399007175397","Carrer de Torres, 27-29",0
920,16,"39.4732956743,-0.403900818495","Passeig de la Petxina, 75",0
927,16,"39.4733841893,-0.403930399114","Passeig de la Petxina, 75",0
1001,301,"39.4802810493,-0.392256704816","Avinguda de Pius XII, 9",0
1002,301,"39.4786254911,-0.39112042896","Pont de les GlÃ²ries Valencianes, 45",0
4411,18,"39.4990694704,-0.3790735359","Avinguda dels Germans Machado, 45",0
4412,344,"39.4988957898,-0.373805134775","Avinguda dels Germans Machado, 79",0
4413,344,"39.4989817094,-0.373786538316","Avinguda dels Germans Machado, 79",0
4414,164,"39.4990854068,-0.373253606563","Avinguda dels Germans Machado, 341",0
4414,164,"39.4990854068,-0.373253606563","Avinguda dels Germans Machado, 341",0
4416,84,"39.4974826142,-0.370568810198","Avinguda de la ConstituciÃ³, 249",0
4502,200,"39.4524191084,-0.336796974096","Carrer de les Moreres, 605",0
4503,20,"39.4520581992,-0.337752480098","Carrer de les Moreres, 14",0
4504,20,"39.4513484968,-0.340501376146","Carrer de les Moreres, 5",0
224,334,"39.478824517,-0.374430973532","Carrer del Comte de TrÃ©nor, 4",0
225,120,"39.4682343372,-0.370057006094","Carrer D'Isabel la CatÃ²lica, 19",0
226,181,"39.4702735129,-0.368744487497","Carrer de SornÃ­, 5-7",0
227,233,"39.4764813576,-0.3687707696","Pont del Real, 5-7",0
228,312,"39.4769434842,-0.371032546223","PlaÃ§a del Poeta Llorente, 4",0
229,297,"39.4696092285,-0.364801526837","PlaÃ§a d'America, 1",0
314,120,"39.4660708029,-0.368555814689","Carrer de l'Almirall Cadarso, 10",0
1003,72,"39.4864452079,-0.390483905624","Avinguda de Campanar, 15",0
1004,251,"39.4837178864,-0.391929383866","Avinguda de Campanar, 34",0
1005,211,"39.4877744472,-0.391848188029","Avinguda del General AvilÃ©s, 12",0
1006,300,"39.4829890642,-0.384832878933","Carrer del Pare FerrÃ­s, 19",0
1007,31,"39.4875088067,-0.391920924194","Avinguda del General AvilÃ©s, 11",0
1008,31,"39.4875853728,-0.391943814299","Avinguda del General AvilÃ©s, 11",0
1010,332,"39.4875269778,-0.389032262738","Carrer del Doctor Nicasi Benlloch, 5",0
1011,130,"39.4874710964,-0.388285851275","Avinguda de Burjassot, 102",0
1014,18,"39.4886658336,-0.389001801978","Avinguda del Doctor Peset Aleixandre, 149",0
1015,90,"39.4889721885,-0.388177731578","Avinguda del Doctor Peset Aleixandre, 134",0
1016,140,"39.484215584,-0.383947575028","Avinguda de Burjassot, 34-40",0
1017,211,"39.4877227544,-0.391800010857","Avinguda del General AvilÃ©s, 10-12",0
1018,301,"39.4786529113,-0.391036448943","Pont de les GlÃ²ries Valencianes, 45",0
1019,121,"39.4795518074,-0.391478957925","Avinguda de Pius XII, 2",0
1020,211,"39.4823610359,-0.390903299873","Carrer de Joaquim Ballester, 45",0
1021,203,"39.4795796432,-0.389030352913","Avinguda MenÃ©ndez Pidal, 15",0
1022,213,"39.481648697,-0.384422481155","Avinguda MenÃ©ndez Pidal, 3",0
1023,30,"39.482071092,-0.383122830738","Carrer de Mauro GuillÃ©n, 6",0
1024,211,"39.4826867482,-0.382046761109","Carrer de Mauro GuillÃ©n, 2",0
1026,194,"39.4829967108,-0.380659060221","Carrer del Pla de la SaÃ¯dia, 17",0
1028,23,"39.4792346392,-0.389538681224","Avinguda MenÃ©ndez Pidal, 15",0
1029,18,"39.489167112,-0.386723677225","Avinguda del Doctor Peset Aleixandre, 129",0
1030,18,"39.4894208976,-0.385500592799","Avinguda del Doctor Peset Aleixandre, 123",0
1031,90,"39.489634557,-0.38540201349","Avinguda del Doctor Peset Aleixandre, 116",0
1033,90,"39.4893434094,-0.386500771264","Avinguda del Doctor Peset Aleixandre, 127",0
1034,33,"39.4812512614,-0.384909457272","Avinguda MenÃ©ndez Pidal, 4",0
1035,300,"39.4815068877,-0.383973374339","Pont de les Arts, 4",0
1036,210,"39.4824314595,-0.382437166207","Carrer de Mauro GuillÃ©n, 2",0
315,210,"39.4678571251,-0.367159150559","Gran Via del MarquÃ©s del TÃºria, 61",0
316,30,"39.467322263,-0.367689997335","Gran Via del MarquÃ©s del TÃºria, 58",0
317,120,"39.466970822,-0.366269741695","Carrer de Ciscar, 12",0
318,30,"39.4683216267,-0.365319086318","Gran Via del MarquÃ©s del TÃºria, 78",0
320,30,"39.4642768584,-0.37513813033","Gran Via de les Germanies, 17",0
321,5,"39.4687458985,-0.363841451042","Pont d'AragÃ³, 17",0
322,166,"39.4643361635,-0.370325874379","Avinguda del Regne de ValÃ¨ncia, 23",0
1417,161,"39.4756676994,-0.353331051569","Avinguda de Blasco IbÃ¡Ã±ez, 66",0
1418,251,"39.4776616715,-0.355084290774","Avinguda de Catalunya, 17",0
1419,318,"39.4792114497,-0.356713557975","Avinguda del Primat Reig, 185",0
1421,71,"39.4772075243,-0.35512515793","Avinguda de Catalunya, 17",0
1422,138,"39.4808135126,-0.358635789039","Avinguda del Primat Reig, 108-177",0
1511,74,"39.4776845082,-0.351402742721","Carrer del Clariano, 34",0
1512,254,"39.4775869683,-0.351612141898","Carrer del Clariano, 11-13",0
1513,199,"39.4636532843,-0.358994982214","Pont de l'Angel Custodi, 11-13",0
1514,72,"39.4643484069,-0.357775695859","Carrer d'Eduard BoscÃ , 25-27",0
1515,71,"39.4664841322,-0.356728508885","Carrer d'Eduard BoscÃ , 1",0
1516,71,"39.4729442412,-0.353565146294","Avinguda del Cardenal Benlloch, 82",0
1517,250,"39.4713174439,-0.358296091149","Avinguda d'AragÃ³, 9-13",0
1518,306,"39.4728847596,-0.360380490603","Carrer de FinlÃ ndia, 6",0
1519,330,"39.4752800695,-0.353183081201","Avinguda de Blasco IbÃ¡Ã±ez, 72",0
1520,341,"39.4755563251,-0.353573572544","Avinguda de Blasco IbÃ¡Ã±ez, 68-70",0
1521,124,"39.4723936792,-0.363016731756","Passeig de l'Albereda, 22",0
1522,124,"39.4722459932,-0.363507648485","Paseo de la Alameda, 4",0
1523,113,"39.4671726036,-0.36017196686","Paseo de la Alameda, 30",0
1524,293,"39.4654750851,-0.35951712847","Paseo de la Alameda, 36",0
1525,70,"39.4714966223,-0.357706595861","Avinguda d'AragÃ³, 30",0
1526,304,"39.4730171722,-0.364371465975","Paseo de la Alameda, 17",0
1527,71,"39.4719396344,-0.354054766758","Avinguda del Cardenal Benlloch, 76",0
1528,251,"39.4651789925,-0.357504433168","Carrer d'Eduard BoscÃ , 24-26",0
1529,251,"39.4739762579,-0.353197279147","Avinguda del Cardenal Benlloch, 93-95",0
1530,251,"39.4702256754,-0.355035561876","Avinguda del Cardenal Benlloch, 49",0
1531,33,"39.4720265783,-0.362270363209","Carrer del General Gil Dolz, 6",0
1532,3,"39.4781972979,-0.350242665107","Calle del Vinalopo, 12-14",0
1533,183,"39.4782572157,-0.350064519766","Carrer d'Albalat dels Tarongers, 10",0
415,18,"39.4631600648,-0.360543574105","Pont de l'Angel Custodi, 10",0
415,18,"39.4631600648,-0.360543574105","Pont de l'Angel Custodi, 10",0
416,123,"39.4599118849,-0.358824624788","Carrer de l'Alcalde Reig, 79",0
417,299,"39.4616373816,-0.360258770064","Carrer de l'Alcalde Reig, 79",0
422,152,"39.4608386679,-0.363768260787","Carrer de Pere Aleixandre, 10-12",0
423,30,"39.4616687313,-0.36435184316","Avenida de Peris y Valero, 166",0
424,210,"39.4627637769,-0.362052476979","Avinguda de Peris i Valero, 166",0
1819,71,"39.4665326483,-0.339585207877","Carrer de JosÃ© Aguilar, 53",0
2001,74,"39.4758518892,-0.346898156602","Carrer de Ramon Llull, 12",0
2002,161,"39.4752934175,-0.345818746731","Carrer del Serpis, 36",0
2003,341,"39.4754685941,-0.346737967843","Carrer del Serpis, 30",0
2004,254,"39.4754489827,-0.347320820603","Carrer de Ramon Llull, 5",0
2005,254,"39.4764123487,-0.346925697154","Carrer de Ramon Llull, 21",0
2006,341,"39.4759525097,-0.347960259312","Carrer del Serpis, 17",0
2009,74,"39.4749427435,-0.347314441171","Carrer de Ramon Llull, 6",0
2010,161,"39.4746069109,-0.346521921779","Carrer de l'Escultor Alfons Gabino, 13-15",0
2011,254,"39.4732171564,-0.348239408858","Carrer del Doctor Manuel Candela, 79",0
2012,254,"39.4723913845,-0.348566603727","Carrer del Doctor Manuel Candela, 69",0
2013,74,"39.4726287251,-0.34825570731","Carrer del Doctor Manuel Candela, 72",0
2014,161,"39.4723195026,-0.347477424841","Carrer de l'Explorador AndrÃ©s, 5-7",0
2015,254,"39.4713425246,-0.348991206369","Carrer del Doctor Manuel Candela, 60",0
2016,74,"39.4717671721,-0.348610225119","Carrer del Doctor Manuel Candela, 64",0
2017,161,"39.4713847273,-0.347892664293","Carrer de Campoamor, 35-37",0
2018,341,"39.4713822537,-0.348503565091","Carrer de Campoamor, 40-42",0
2019,254,"39.4706114368,-0.349303198452","Carrer del Doctor Manuel Candela, 53",0
2020,341,"39.4708749327,-0.349886153467","Carrer del Poeta Mas i Ros, 20",0
2021,74,"39.4707861285,-0.349016602212","Carrer del Doctor Manuel Candela, 58",0
2049,341,"39.4802032554,-0.347087838952","Avinguda dels Tarongers, 4",0
2108,74,"39.4644679126,-0.351550804994","Carrer del Pare TomÃ s de MontaÃ±ana, 14",0
2123,118,"39.4619645063,-0.357746496651","Paseo de la Alameda, 38",0
2124,254,"39.4593218234,-0.353910771883","Pont de Montolivet, 898",0
2125,74,"39.4584378162,-0.354019073502","Pont de Montolivet, 898",0
2211,120,"39.454556041,-0.361679137931","Carrer del General Urrutia, 57",0
2212,300,"39.4561790061,-0.363036472612","Carrer del General Urrutia, 48",0
2225,30,"39.4570527336,-0.362092079649","Avinguda de la Plata, 83",0
424,210,"39.4627637769,-0.362052476979","Avinguda de Peris i Valero, 83",0
504,300,"39.4587216486,-0.377356375592","Carrer de les Filipines, 25",0
505,210,"39.4585251634,-0.374752641629","Carrer dels Centelles, 49",0
506,30,"39.4576894712,-0.373802064119","Avinguda de Peris i Valero, 48",0
506,30,"39.4576894712,-0.373802064119","Avinguda de Peris i Valero, 48",0
509,210,"39.4600321933,-0.371178107048","Carrer dels Centelles, 16",0
510,30,"39.4587907536,-0.371190868232","Avinguda de Peris i Valero, 78",0
2538,35,"39.479629619,-0.384313633897","Paseo de la Pechina, 2",0
2539,4,"39.4745523041,-0.387767154958","Carrer de Borrull, 41",0
2540,253,"39.4754603237,-0.383791156989","Carrer de Guillem de Castro, 580",0
2541,173,"39.4754861372,-0.383638050366","Carrer de Murillo, 35",0
2605,69,"39.4909989007,-0.388261313764","Carrer del Picaio, 13-15",0
2606,328,"39.4903338326,-0.38979107066","Carrer de Josep Grollo, 10",0
2607,315,"39.4898390262,-0.389191252381","Carrer de Josep Grollo, 25",0
2610,130,"39.4889705233,-0.389880110624","Avinguda de Burjassot, 99-103",0
2611,59,"39.4916579434,-0.393470277855","Carrer de la Florista, 53",0
2613,221,"39.4925921026,-0.394178046201","Carrer del GarbÃ­, 3",0
2615,225,"39.4934227539,-0.396034781515","Carrer de la Carrasqueta, 13",0
2616,41,"39.4948785255,-0.396361410669","Carrer de la Serra d'Agullent, 1",0
2619,221,"39.4953324641,-0.397729249064","Carrer de Quartell, 9",0
2622,130,"39.4911143055,-0.39208863801","Avinguda de Burjassot, 137-143",0
2623,131,"39.4929641225,-0.394004994632","Avinguda de Burjassot, 195",0
2624,130,"39.4946119614,-0.395724533272","Avinguda de Burjassot, 239",0
2723,251,"39.4849041391,-0.360564252994","Carrer del BarÃ³ de San Petrillo, 8",0
2724,161,"39.4844592172,-0.360961793086","Carrer del Doctor Vicent Zaragoza, 27-29",0
2725,251,"39.4838586762,-0.359736421536","Carrer de la Pobla Llarga, 2",0
2726,341,"39.4839290168,-0.359483889081","Carrer del Doctor Vicent Zaragoza, 52",0
2727,251,"39.484437274,-0.359465700884","Carrer de Juan Giner, 7",0
2728,161,"39.4841934483,-0.360059469786","Carrer del Doctor Vicent Zaragoza, 45",0
2729,72,"39.4830570339,-0.358699914486","Carrer del MÃºsic Magenti, 11",0
2730,341,"39.4835995319,-0.358367800317","Carrer del Doctor Vicent Zaragoza, 68",0
2731,161,"39.4837524289,-0.358556450735","Carrer del Doctor Vicent Zaragoza, 73",0
2737,71,"39.4904556627,-0.359522852378","Carrer d'Emili BarÃ³, 82",0
2745,283,"39.4852661603,-0.352188455831","PlaÃ§a Num 26 Res Urb, 139",0
2747,302,"39.488872252,-0.353472023985","PlaÃ§a Num 26 Res Urb, 136",0
511,124,"39.4587100844,-0.368766674584","Carrer dels Sapadors, 14",0
513,210,"39.460903033,-0.369131163634","Carrer de Matias PerellÃ³, 8",0
514,30,"39.4603809809,-0.367459003913","Avinguda de Peris i Valero, 134",0
515,120,"39.461608844,-0.365415200748","Carrer del Duc de CalÃ bria, 24",0
516,120,"39.462460796,-0.366006176739","Carrer del Duc de CalÃ bria, 7",0
517,120,"39.460252718,-0.365720984224","Carrer del General Urrutia, 9",0
539,34,"39.458344227,-0.372630418727","Avinguda de Peris i Valero, 81",0
2927,90,"39.4770847383,-0.328627667512","Carrer del Pare AntÃ³n Martin, 36",0
2928,0,"39.4765465535,-0.329682640835","Carrer del Riu Tajo, 24",0
2929,0,"39.4765537063,-0.328524833153","Carrer del Riu Tajo, 32",0
2931,91,"39.4758658914,-0.328666345765","Carrer del Pare AntÃ³n Martin, 12-20",0
2932,265,"39.4741261478,-0.327850310291","Carrer de la Reina, 286",0
2933,266,"39.4730672784,-0.328002633395","Carrer de la Reina, 252",0
2938,271,"39.4743132183,-0.325492330515","Carrer d'EugÃ¨nia ViÃ±es, 156",0
2939,3,"39.4744055645,-0.327161769066","Carrer del Doctor Lluch, 293",0
2940,183,"39.4747934231,-0.326600444022","Carrer de Cavite, 8",0
3005,356,"39.4654712525,-0.328780517465","Carrer d'en Vicent Gallart, 49",0
3006,86,"39.4660564964,-0.328537551741","Carrer del Doctor Lluch, 46",0
3008,85,"39.4670886231,-0.328366127538","Carrer del Doctor Lluch, 89",0
3009,177,"39.4670111029,-0.328739989246","Carrer de Just Vilar, 76",0
3010,356,"39.4675524023,-0.32717908211","Carrer del Mediterrani, 40",0
3011,90,"39.4677987797,-0.328268086321","Carrer del Doctor Lluch, 489",0
3012,177,"39.4676684444,-0.328403797068","Carrer del Mediterrani, 27",0
3013,85,"39.4688795861,-0.328123184503","Carrer del Doctor Lluch, 137-139",0
3014,86,"39.4696732647,-0.328012711547","Carrer del Doctor Lluch, 497",0
3015,173,"39.4701366147,-0.328028951216","Calle Cura Planelles, 29",0
3016,265,"39.4687022968,-0.328651520907","Carrer de la Reina, 122",0
3017,265,"39.4669962662,-0.328903450469","Carrer de la Reina, 76",0
3018,265,"39.4654208247,-0.329137329343","Carrer de la Reina, 42",0
3021,0,"39.4703764774,-0.325395215443","Carrer de l'Historiador Coloma, 42",0
3022,270,"39.4703378315,-0.325528760648","Carrer d'EugÃ¨nia ViÃ±es, 187",0
3023,182,"39.4693840235,-0.325917089953","Carrer dels Pescadors, 46",0
3024,270,"39.4693474678,-0.325516304734","Carrer d'EugÃ¨nia ViÃ±es, 58",0
3025,270,"39.4683390738,-0.32548372229","Carrer d'EugÃ¨nia ViÃ±es, 40",0
3026,97,"39.4656483469,-0.324761630313","Passeig de NeptÃº, 72",0
720,52,"39.4618026212,-0.39828854181","Carrer de l'Arxiduc Carles, 93",0
721,312,"39.4618414363,-0.399013637531","Carrer de la Mare de DÃ©u de la Cabeza, 44",0
722,132,"39.4618057667,-0.398871387167","Carrer de la Mare de DÃ©u de la Cabeza, 42",0
723,232,"39.4614662797,-0.398790975185","Carrer de l'Arxiduc Carles, 60",0
724,52,"39.4608951642,-0.399286503956","Carrer de l'Arxiduc Carles, 111",0
725,231,"39.4602360948,-0.400173525511","Carrer de l'Arxiduc Carles, 68-70",0
726,52,"39.4596033022,-0.400673246971","Carrer de l'Arxiduc Carles, 117-119",0
3517,97,"39.466351208,-0.405608256408","Avinguda de les Tres Creus, 37",0
3518,169,"39.4655825178,-0.404758840176","Carrer de Llombay, 20",0
3519,171,"39.4670435602,-0.404930993484","Carrer del MÃºsic AyllÃ³n, 20",0
3520,98,"39.4674520941,-0.405831678822","Avinguda de les Tres Creus, 25",0
3521,98,"39.4674454446,-0.405947063469","Avinguda de les Tres Creus, 25",0
3522,185,"39.4634796569,-0.406972245274","Carrer de les Tres Forques, 118-120",0
3523,185,"39.4633089081,-0.410123402215","Carrer de les Tres Forques, 173",0
3524,277,"39.4636408561,-0.410017030344","PlaÃ§a de la ColÃ²nia Espanyola de MÃ¨xic, 54",0
3525,5,"39.4630453275,-0.412038327146","Carrer de les Tres Forques, 153",0
3526,5,"39.463169445,-0.408916681968","Carrer de les Tres Forques, 147",0
3527,186,"39.4631780905,-0.4145534966","Calle Andarella, 2",0
3621,211,"39.4787524599,-0.399066450096","Carrer de la Vall de la Ballestera, 47",0
3621,211,"39.4787524599,-0.399066450096","Carrer de la Vall de la Ballestera, 47",0
3622,179,"39.4784581443,-0.400290052307","Carrer de la Vall de la Ballestera, 40",0
3623,179,"39.4785371421,-0.402491670557","Carrer de la Vall de la Ballestera, 50",0
3624,281,"39.4763260537,-0.406372275535","Avinguda PÃ­o Baroja, 3",0
3625,281,"39.4760489988,-0.406442227659","Avinguda PÃ­o Baroja, 3",0
3626,196,"39.4749392435,-0.404277004655","Avinguda de Manuel de Falla, 13",0
3627,121,"39.4780064617,-0.397835266874","Avinguda del Mestre Rodrigo, 18",0
3628,251,"39.4784205417,-0.394412997589","Avinguda de Campanar, 118",0
3629,30,"39.4769905398,-0.395494160932","Avinguda de Tirso de Molina, 18",0
3631,72,"39.4794259647,-0.393803730524","Avinguda de Campanar, 39-41",0
3632,301,"39.4830188122,-0.394209842815","Avinguda de Pius XII, 33",0
3635,121,"39.4763289713,-0.396737024215","Avinguda de PÃ©rez GaldÃ³s, 33",0
3701,242,"39.5015943185,-0.369019240921","Avinguda de la ConstituciÃ³, 297-299",0
3702,62,"39.5014046028,-0.369093216988","Avinguda de la ConstituciÃ³, 297",0
3703,66,"39.4936241882,-0.373029676085","Avinguda de la ConstituciÃ³, 188",0
3704,255,"39.5030380389,-0.368334911152","CamÃ­ RacÃ³ de l'Anell, 7",0
3906,335,"39.4550116136,-0.346163426214","Paseo de la Alameda, 54T",0
3907,289,"39.4578095148,-0.348215012377","Carrer del Pintor Maella, 35",0
3908,101,"39.4582671481,-0.348222761304","Carrer del Pintor Maella, 35",0
3909,251,"39.4606616452,-0.347936613145","Carrer del Pintor Maella, 22",0
3913,40,"39.4597464815,-0.341793547284","Carrer de Menorca, 11",0
3914,80,"39.4592560387,-0.34032930814","Carrer d'Eivissa, 25",0
3915,220,"39.4604857977,-0.340825752659","Carrer de Menorca, 4-6",0
3916,260,"39.4599816745,-0.340253651167","Carrer d'Eivissa, 22",0
3917,80,"39.4602175135,-0.340059930321","Carrer d'Eivissa, 17",0
3918,346,"39.4597860975,-0.350286439071","Avinguda de FranÃ§a, 34-142",0
3919,140,"39.4577938545,-0.350230043606","Paseo de la Alameda, 46",0
3920,346,"39.4592960416,-0.347988322877","Avinguda de FranÃ§a, 182",0
3921,166,"39.4592950028,-0.346986422029","Avinguda de FranÃ§a, 49",0
3922,164,"39.4591575168,-0.340761870966","Avinguda de les Balears, 66",0
3923,165,"39.4600303564,-0.344351338631","Avinguda de les Balears, 62",0
3924,165,"39.4603388635,-0.34562710708","Avinguda de les Balears, 89",0
4420,161,"39.49710442,-0.366844723173","Avinguda dels Germans Machado, 55",0
4422,341,"39.496022918,-0.363333731194","Avinguda dels Germans Machado, 13",0
4423,161,"39.4959205739,-0.362377350789","Avinguda dels Germans Machado, 13",0
4424,341,"39.4951650923,-0.360426817385","Avinguda dels Germans Machado, 7",0
4425,161,"39.4950979155,-0.359547863749","Avinguda dels Germans Machado, 7",0
4426,220,"39.4947287054,-0.356368678845","Avinguda lÂ´Orchata, 45",0
4427,40,"39.4943851806,-0.356805681625","Avinguda lÂ´Orchata, 45",0
4428,248,"39.4933081745,-0.358106027686","Carrer d'Emili BarÃ³, 85",0
4429,228,"39.4946113091,-0.365782284521","Carrer de Sant Vicent de PaÃ¼l, 44",0
4430,48,"39.4947710773,-0.365378903801","Carrer de Sant Vicent de PaÃ¼l, 44",0
4431,318,"39.4945378108,-0.365399435546","Carrer de Santiago RusiÃ±ol, 23",0
4432,138,"39.4948797638,-0.365807446721","Carrer de Santiago RusiÃ±ol, 23",0
4301,211,"39.4458499605,-0.369999607372","Avinguda de Fernando Abril Martorell, 2",0
4302,31,"39.4450627055,-0.370988302239","Avinguda de Fernando Abril Martorell, 48",0
4303,268,"39.4451710648,-0.369068526645","Avinguda d'AusiÃ s March, 116-120",0
4304,88,"39.4448990769,-0.368856283744","Avinguda d'AusiÃ s March, 107",0
4306,120,"39.4473885965,-0.367646212597","Carrera de la Fonteta de Sant LluÃ­s, 107",0
4307,300,"39.4474927217,-0.367774358027","Carrera de la Fonteta de Sant LluÃ­s, 136",0
4308,283,"39.4463892489,-0.367040077942","Carrer del Gravador JordÃ¡n, 5",0
4312,81,"39.4463403397,-0.380130625396","Carretera Malilla, 99",0
4313,354,"39.4452824709,-0.378172241196","Avinguda de Fernando Abril Martorell, 99",0
4327,306,"39.4451325481,-0.378702766234","Avinguda de Fernando Abril Martorell, 99",0
4328,174,"39.4448345237,-0.378653492087","PlaÃ§a Num 155 Res Urb, 208",0
4329,354,"39.4444246976,-0.374701238096","PlaÃ§a Num 155 Res Urb, 11",0
4330,70,"39.4444714628,-0.371157855387","Avinguda de Fernando Abril Martorell, 48",0
4401,198,"39.4984396199,-0.38242069287","Avinguda dels Germans Machado, 137",0
4402,198,"39.4990042959,-0.379909322743","Avinguda dels Germans Machado, 133",0
4403,92,"39.5002495723,-0.381208562757","CamÃ­ de Montcada, 183",0
4404,272,"39.4996807874,-0.381385707413","CamÃ­ de Montcada, 183",0
4405,272,"39.500343621,-0.381315559398","CamÃ­ de Montcada, 183",0
4406,18,"39.4982659244,-0.382710740661","Avinguda dels Germans Machado, 137",0
4407,308,"39.4983468551,-0.381410318129","CamÃ­ de Montcada, 137",0
4408,92,"39.4975605847,-0.381199536416","CamÃ­ de Montcada, 137",0
4409,102,"39.4970860696,-0.381207703159","CamÃ­ de Montcada, 130-132",0
4410,176,"39.4994217936,-0.375571792844","Avinguda dels Germans Machado, 79",0
4417,341,"39.4970314616,-0.367109639995","Avinguda dels Germans Machado, 55",0
4418,244,"39.4973680158,-0.369269487189","Carrer de Sant Joan Bosco, 93",0
4419,161,"39.4971737962,-0.366795824754","Avinguda dels Germans Machado, 55",0
